subregion,avg_temp,month
anderson,8.00258064516129,Jan
andrews,6.038571428571428,Jan
angelina,8.43135593220339,Jan
aransas,12.34,Jan
archer,5.22027972027972,Jan
armstrong,2.0715384615384616,Jan
atascosa,10.956741573033709,Jan
austin,9.856043956043957,Jan
bailey,2.8163636363636364,Jan
bandera,8.879611650485437,Jan
bastrop,9.355084745762712,Jan
baylor,4.590151515151515,Jan
bee,11.995081967213116,Jan
bell,7.9470967741935485,Jan
bexar,10.546408839779005,Jan
blanco,8.373333333333333,Jan
borden,5.6061538461538465,Jan
bosque,6.815753424657534,Jan
bowie,5.568181818181818,Jan
brazoria,11.001025641025642,Jan
brazos,9.75625,Jan
brewster,8.305392731535756,Jan
briscoe,2.43006993006993,Jan
brooks,13.5352,Jan
brown,6.548175182481752,Jan
burleson,9.963541666666666,Jan
burnet,7.836551724137931,Jan
caldwell,9.589610389610389,Jan
calhoun,12.074,Jan
callahan,6.303787878787879,Jan
cameron,15.018803418803419,Jan
camp,5.959375,Jan
carson,2.0293706293706295,Jan
cass,6.081428571428572,Jan
castro,1.9968992248062016,Jan
chambers,10.772368421052631,Jan
cherokee,7.801333333333333,Jan
childress,4.095,Jan
clay,4.826060606060606,Jan
cochran,3.0066115702479337,Jan
coke,5.871428571428571,Jan
coleman,6.681818181818182,Jan
collin,5.585826771653544,Jan
collingsworth,3.266923076923077,Jan
colorado,10.056060606060607,Jan
comal,9.3275,Jan
comanche,6.247482014388489,Jan
concho,7.412056737588652,Jan
cooke,5.20530303030303,Jan
coryell,7.514193548387097,Jan
cottle,4.020895522388059,Jan
crane,7.0056,Jan
crockett,7.126442307692308,Jan
crosby,4.092592592592593,Jan
culberson,6.2618613138686134,Jan
dallam,1.064935064935065,Jan
dallas,6.562773722627737,Jan
dawson,4.77,Jan
deaf smith,1.9642857142857142,Jan
delta,4.974418604651163,Jan
denton,5.545454545454546,Jan
de witt,11.084677419354838,Jan
dickens,4.083571428571428,Jan
dimmit,11.791176470588235,Jan
donley,2.5707692307692307,Jan
duval,12.172687224669604,Jan
eastland,5.5993006993006995,Jan
ector,6.197709923664122,Jan
edwards,8.262043795620437,Jan
ellis,6.844117647058823,Jan
el paso,6.235616438356164,Jan
erath,6.537333333333334,Jan
falls,8.389380530973451,Jan
fannin,4.8475409836065575,Jan
fayette,9.897080291970802,Jan
fisher,5.961788617886179,Jan
floyd,2.8234848484848487,Jan
foard,4.189380530973451,Jan
fort bend,10.42,Jan
franklin,5.347368421052631,Jan
freestone,8.015,Jan
frio,11.051677852348993,Jan
gaines,5.1805194805194805,Jan
galveston,11.216279069767442,Jan
garza,4.912903225806452,Jan
gillespie,8.02,Jan
glasscock,5.493495934959349,Jan
goliad,12.043478260869565,Jan
gonzales,10.179333333333334,Jan
gray,2.0741258741258743,Jan
grayson,5.28943661971831,Jan
gregg,6.665909090909091,Jan
grimes,9.25925925925926,Jan
guadalupe,10.075961538461538,Jan
hale,3.164705882352941,Jan
hall,3.545985401459854,Jan
hamilton,6.8,Jan
hansford,1.1636363636363636,Jan
hardeman,3.976530612244898,Jan
hardin,9.5912,Jan
harris,10.563855421686746,Jan
harrison,7.094736842105263,Jan
hartley,1.509047619047619,Jan
haskell,5.843076923076923,Jan
hays,8.904651162790698,Jan
hemphill,1.7492307692307691,Jan
henderson,7.410144927536232,Jan
hidalgo,14.144392523364486,Jan
hill,7.017985611510792,Jan
hockley,3.561073825503356,Jan
hood,6.644444444444445,Jan
hopkins,5.200862068965517,Jan
houston,7.9655555555555555,Jan
howard,5.768531468531468,Jan
hudspeth,5.5022900763358775,Jan
hunt,5.121138211382114,Jan
hutchinson,1.9361538461538461,Jan
irion,6.631372549019608,Jan
jack,5.483076923076923,Jan
jackson,11.576271186440678,Jan
jasper,8.596527777777778,Jan
jeff davis,6.277429467084639,Jan
jefferson,10.530882352941177,Jan
jim hogg,12.775949367088607,Jan
jim wells,12.928571428571429,Jan
johnson,6.710891089108911,Jan
jones,6.378740157480315,Jan
karnes,11.083653846153846,Jan
kaufman,6.114159292035398,Jan
kendall,8.801136363636363,Jan
kenedy,13.713186813186812,Jan
kent,4.874603174603175,Jan
kerr,7.886875,Jan
kimble,7.607179487179487,Jan
king,4.2727272727272725,Jan
kinney,9.660846560846561,Jan
kleberg,13.560377358490566,Jan
knox,4.958823529411765,Jan
lamar,4.885294117647059,Jan
lamb,2.718,Jan
lampasas,7.51340206185567,Jan
la salle,11.68019801980198,Jan
lavaca,10.53943661971831,Jan
lee,9.17741935483871,Jan
leon,8.059602649006623,Jan
liberty,10.045882352941176,Jan
limestone,8.0671875,Jan
lipscomb,0.5503496503496503,Jan
live oak,11.78255033557047,Jan
llano,7.973484848484849,Jan
loving,6.829885057471264,Jan
lubbock,4.078030303030303,Jan
lynn,4.20078125,Jan
mcculloch,6.969090909090909,Jan
mclennan,7.561842105263158,Jan
mcmullen,11.387150837988827,Jan
madison,8.882432432432433,Jan
marion,6.819047619047619,Jan
martin,5.827272727272727,Jan
mason,7.407462686567164,Jan
matagorda,11.57843137254902,Jan
maverick,11.06,Jan
medina,10.355555555555556,Jan
menard,7.3448,Jan
midland,6.336842105263158,Jan
milam,9.041843971631206,Jan
mills,7.133009708737864,Jan
mitchell,5.715151515151515,Jan
montague,5.262043795620438,Jan
montgomery,9.391558441558441,Jan
moore,1.4576923076923076,Jan
morris,6.135897435897436,Jan
motley,3.7687074829931975,Jan
nacogdoches,7.641258741258741,Jan
navarro,7.314193548387097,Jan
newton,8.40569105691057,Jan
nolan,5.751428571428572,Jan
nueces,13.12,Jan
ochiltree,0.8993006993006993,Jan
oldham,2.122077922077922,Jan
orange,9.86923076923077,Jan
palo pinto,6.113157894736842,Jan
panola,7.122222222222222,Jan
parker,6.260606060606061,Jan
parmer,2.2888888888888888,Jan
pecos,7.389970501474926,Jan
polk,8.698089171974523,Jan
potter,2.300699300699301,Jan
presidio,7.49165120593692,Jan
rains,5.552631578947368,Jan
randall,2.359230769230769,Jan
reagan,5.896129032258065,Jan
real,7.7314606741573035,Jan
red river,5.298101265822785,Jan
reeves,7.371315789473684,Jan
refugio,12.396039603960396,Jan
roberts,1.7615384615384615,Jan
robertson,9.181512605042016,Jan
rockwall,5.535,Jan
runnels,6.60448717948718,Jan
rusk,6.9763779527559056,Jan
sabine,7.478571428571429,Jan
san augustine,7.51566265060241,Jan
san jacinto,8.66304347826087,Jan
san patricio,12.652577319587628,Jan
san saba,7.190062111801242,Jan
schleicher,7.478888888888889,Jan
scurry,5.426666666666667,Jan
shackelford,6.031538461538462,Jan
shelby,7.095726495726495,Jan
sherman,1.062937062937063,Jan
smith,6.772262773722628,Jan
somervell,6.7407407407407405,Jan
starr,13.562424242424242,Jan
stephens,5.408333333333333,Jan
sterling,5.876422764227642,Jan
stonewall,5.135,Jan
sutton,7.694090909090909,Jan
swisher,2.309090909090909,Jan
tarrant,6.427272727272728,Jan
taylor,6.2407407407407405,Jan
terrell,8.174698795180722,Jan
terry,3.960655737704918,Jan
throckmorton,5.171666666666667,Jan
titus,5.522413793103448,Jan
tom green,7.304545454545455,Jan
travis,9.14225352112676,Jan
trinity,8.487128712871288,Jan
tyler,8.797101449275361,Jan
upshur,6.2614457831325305,Jan
upton,6.920670391061453,Jan
uvalde,9.609049773755656,Jan
val verde,9.195560747663551,Jan
van zandt,6.287603305785124,Jan
victoria,11.858119658119659,Jan
walker,8.771844660194175,Jan
waller,9.708450704225353,Jan
ward,6.688983050847457,Jan
washington,9.783529411764706,Jan
webb,12.40578158458244,Jan
wharton,10.718421052631578,Jan
wheeler,2.293006993006993,Jan
wichita,4.55,Jan
wilbarger,3.949264705882353,Jan
willacy,14.075324675324675,Jan
williamson,8.418125,Jan
wilson,10.565384615384616,Jan
winkler,6.459130434782609,Jan
wise,5.5734375,Jan
wood,5.817647058823529,Jan
yoakum,3.6275,Jan
young,5.237692307692308,Jan
zapata,12.929931972789117,Jan
zavala,10.88663101604278,Jan
anderson,10.385806451612904,Feb
andrews,8.562857142857142,Feb
angelina,10.486440677966101,Feb
aransas,14.186666666666667,Feb
archer,7.806293706293706,Feb
armstrong,4.403846153846154,Feb
atascosa,13.116292134831461,Feb
austin,11.804395604395605,Feb
bailey,5.028181818181818,Feb
bandera,11.055339805825243,Feb
bastrop,11.459322033898305,Feb
baylor,7.159090909090909,Feb
bee,14.00655737704918,Feb
bell,10.172258064516129,Feb
bexar,12.591712707182321,Feb
blanco,10.55904761904762,Feb
borden,7.96,Feb
bosque,9.234246575342466,Feb
bowie,7.966666666666667,Feb
brazoria,12.645641025641025,Feb
brazos,11.7975,Feb
brewster,10.574912075029308,Feb
briscoe,4.823776223776224,Feb
brooks,15.564,Feb
brown,8.985401459854014,Feb
burleson,11.963541666666666,Feb
burnet,10.014482758620689,Feb
caldwell,11.753246753246753,Feb
calhoun,13.838000000000001,Feb
callahan,8.656060606060606,Feb
cameron,16.865811965811965,Feb
camp,8.41875,Feb
carson,4.3538461538461535,Feb
cass,8.562857142857142,Feb
castro,4.110852713178295,Feb
chambers,12.45,Feb
cherokee,10.08,Feb
childress,6.64,Feb
clay,7.504242424242424,Feb
cochran,5.226446280991736,Feb
coke,8.301587301587302,Feb
coleman,9.077272727272728,Feb
collin,8.122047244094489,Feb
collingsworth,5.719230769230769,Feb
colorado,11.970454545454546,Feb
comal,11.465,Feb
comanche,8.688489208633094,Feb
concho,9.790780141843971,Feb
cooke,7.891666666666667,Feb
coryell,9.690967741935484,Feb
cottle,6.503731343283582,Feb
crane,9.6904,Feb
crockett,9.53485576923077,Feb
crosby,6.375555555555556,Feb
culberson,8.432846715328466,Feb
dallam,3.374891774891775,Feb
dallas,9.105839416058394,Feb
dawson,7.2225,Feb
deaf smith,4.058571428571429,Feb
delta,7.506976744186047,Feb
denton,8.15,Feb
de witt,13.100806451612904,Feb
dickens,6.439285714285714,Feb
dimmit,14.267058823529412,Feb
donley,4.909230769230769,Feb
duval,14.24273127753304,Feb
eastland,8.079720279720279,Feb
ector,8.765648854961832,Feb
edwards,10.503649635036496,Feb
ellis,9.353676470588235,Feb
el paso,8.636301369863014,Feb
erath,8.855333333333334,Feb
falls,10.73362831858407,Feb
fannin,7.405737704918033,Feb
fayette,11.937956204379562,Feb
fisher,8.356910569105692,Feb
floyd,5.194696969696969,Feb
foard,6.75929203539823,Feb
fort bend,12.2136,Feb
franklin,7.807894736842106,Feb
freestone,10.445,Feb
frio,13.286577181208054,Feb
gaines,7.662770562770563,Feb
galveston,12.797674418604652,Feb
garza,7.191129032258065,Feb
gillespie,10.092258064516129,Feb
glasscock,8.003252032520326,Feb
goliad,13.963478260869564,Feb
gonzales,12.336,Feb
gray,4.3552447552447555,Feb
grayson,7.771830985915493,Feb
gregg,9.063636363636364,Feb
grimes,11.38425925925926,Feb
guadalupe,12.227884615384616,Feb
hale,5.507352941176471,Feb
hall,6.016788321167883,Feb
hamilton,9.061206896551724,Feb
hansford,3.6216783216783215,Feb
hardeman,6.672448979591837,Feb
hardin,11.4632,Feb
harris,12.35421686746988,Feb
harrison,9.560902255639098,Feb
hartley,3.8123809523809524,Feb
haskell,8.173076923076923,Feb
hays,11.065116279069768,Feb
hemphill,4.247692307692308,Feb
henderson,9.797826086956523,Feb
hidalgo,16.14252336448598,Feb
hill,9.462589928057554,Feb
hockley,5.73758389261745,Feb
hood,9.114814814814814,Feb
hopkins,7.658620689655172,Feb
houston,10.177222222222222,Feb
howard,8.195804195804197,Feb
hudspeth,7.679541984732825,Feb
hunt,7.652845528455284,Feb
hutchinson,4.386923076923077,Feb
irion,8.98235294117647,Feb
jack,7.95,Feb
jackson,13.272881355932203,Feb
jasper,10.641666666666667,Feb
jeff davis,8.07398119122257,Feb
jefferson,12.250735294117646,Feb
jim hogg,14.932911392405064,Feb
jim wells,14.963025210084034,Feb
johnson,9.244554455445545,Feb
jones,8.686614173228346,Feb
karnes,13.191346153846153,Feb
kaufman,8.622123893805309,Feb
kendall,10.926136363636363,Feb
kenedy,15.669230769230769,Feb
kent,7.298412698412698,Feb
kerr,9.91875,Feb
kimble,9.590769230769231,Feb
king,6.773484848484848,Feb
kinney,12.291534391534391,Feb
kleberg,15.517924528301887,Feb
knox,7.435294117647059,Feb
lamar,7.470588235294118,Feb
lamb,4.936,Feb
lampasas,9.671134020618556,Feb
la salle,13.885148514851485,Feb
lavaca,12.37112676056338,Feb
lee,11.325806451612904,Feb
leon,10.415894039735099,Feb
liberty,11.962352941176471,Feb
limestone,10.48828125,Feb
lipscomb,3.1888111888111887,Feb
live oak,13.913422818791947,Feb
llano,10.217424242424242,Feb
loving,9.416091954022988,Feb
lubbock,6.284090909090909,Feb
lynn,6.45703125,Feb
mcculloch,9.304242424242425,Feb
mclennan,9.917105263157895,Feb
mcmullen,13.608938547486034,Feb
madison,11.054054054054054,Feb
marion,9.342857142857143,Feb
martin,8.281060606060606,Feb
mason,9.552238805970148,Feb
matagorda,13.10718954248366,Feb
maverick,13.812777777777777,Feb
medina,12.716111111111111,Feb
menard,9.4992,Feb
midland,8.792481203007519,Feb
milam,11.23758865248227,Feb
mills,9.470873786407767,Feb
mitchell,8.23939393939394,Feb
montague,7.894160583941606,Feb
montgomery,11.442207792207792,Feb
moore,3.736153846153846,Feb
morris,8.617948717948718,Feb
motley,6.134693877551021,Feb
nacogdoches,9.827272727272728,Feb
navarro,9.758709677419354,Feb
newton,10.428455284552845,Feb
nolan,8.080714285714286,Feb
nueces,15.075238095238095,Feb
ochiltree,3.488811188811189,Feb
oldham,4.364069264069264,Feb
orange,11.65576923076923,Feb
palo pinto,8.496052631578948,Feb
panola,9.458730158730159,Feb
parker,8.706060606060605,Feb
parmer,4.4148148148148145,Feb
pecos,9.686725663716814,Feb
polk,10.64140127388535,Feb
potter,4.630769230769231,Feb
presidio,9.56326530612245,Feb
rains,7.926315789473684,Feb
randall,4.613846153846154,Feb
reagan,8.341935483870968,Feb
real,9.830337078651686,Feb
red river,7.825949367088608,Feb
reeves,9.818947368421053,Feb
refugio,14.245544554455446,Feb
roberts,4.22,Feb
robertson,11.37983193277311,Feb
rockwall,8.135,Feb
runnels,9.055128205128206,Feb
rusk,9.250393700787402,Feb
sabine,9.639285714285714,Feb
san augustine,9.718072289156627,Feb
san jacinto,10.695652173913043,Feb
san patricio,14.561855670103093,Feb
san saba,9.521739130434783,Feb
schleicher,9.757777777777777,Feb
scurry,7.838333333333333,Feb
shackelford,8.355384615384615,Feb
shelby,9.32991452991453,Feb
sherman,3.413286713286713,Feb
smith,9.11897810218978,Feb
somervell,9.248148148148148,Feb
starr,15.876969696969697,Feb
stephens,7.9,Feb
sterling,8.25040650406504,Feb
stonewall,7.5975,Feb
sutton,10.023181818181818,Feb
swisher,4.5755244755244755,Feb
tarrant,8.953787878787878,Feb
taylor,8.45111111111111,Feb
terrell,10.639156626506024,Feb
terry,6.354918032786885,Feb
throckmorton,7.611666666666666,Feb
titus,7.9879310344827585,Feb
tom green,9.674090909090909,Feb
travis,11.259154929577464,Feb
trinity,10.543564356435644,Feb
tyler,10.734057971014492,Feb
upshur,8.7,Feb
upton,9.40782122905028,Feb
uvalde,12.018552036199095,Feb
val verde,11.860747663551402,Feb
van zandt,8.671900826446281,Feb
victoria,13.719658119658119,Feb
walker,10.901941747572815,Feb
waller,11.673239436619719,Feb
ward,9.350847457627118,Feb
washington,11.855294117647059,Feb
webb,14.814775160599572,Feb
wharton,12.476315789473684,Feb
wheeler,4.76993006993007,Feb
wichita,7.243877551020408,Feb
wilbarger,6.699264705882353,Feb
willacy,16.01168831168831,Feb
williamson,10.565,Feb
wilson,12.7,Feb
winkler,9.048695652173913,Feb
wise,8.14140625,Feb
wood,8.179411764705883,Feb
yoakum,6.036666666666667,Feb
young,7.811538461538461,Feb
zapata,15.359863945578232,Feb
zavala,13.403743315508022,Feb
anderson,14.82258064516129,Mar
andrews,12.523333333333333,Mar
angelina,14.576271186440678,Mar
aransas,17.946666666666665,Mar
archer,12.610489510489511,Mar
armstrong,8.803846153846154,Mar
atascosa,17.515168539325842,Mar
austin,15.968131868131868,Mar
bailey,8.81,Mar
bandera,15.16504854368932,Mar
bastrop,15.719491525423729,Mar
baylor,12.152272727272727,Mar
bee,17.958196721311477,Mar
bell,14.638709677419355,Mar
bexar,16.307734806629835,Mar
blanco,14.57047619047619,Mar
borden,12.18923076923077,Mar
bosque,13.906164383561643,Mar
bowie,12.682575757575759,Mar
brazoria,16.464615384615385,Mar
brazos,15.69875,Mar
brewster,14.516529894490036,Mar
briscoe,9.306293706293706,Mar
brooks,19.4784,Mar
brown,13.418248175182482,Mar
burleson,15.775,Mar
burnet,14.15448275862069,Mar
caldwell,15.892207792207792,Mar
calhoun,17.638,Mar
callahan,12.979545454545455,Mar
cameron,19.953846153846154,Mar
camp,13.08125,Mar
carson,8.47972027972028,Mar
cass,13.162142857142857,Mar
castro,8.282945736434108,Mar
chambers,16.17763157894737,Mar
cherokee,14.518666666666666,Mar
childress,11.125,Mar
clay,12.317575757575758,Mar
cochran,9.218181818181819,Mar
coke,13.045238095238096,Mar
coleman,13.57784090909091,Mar
collin,12.697637795275591,Mar
collingsworth,10.317692307692308,Mar
colorado,16.109848484848484,Mar
comal,15.37625,Mar
comanche,13.303597122302158,Mar
concho,14.007801418439715,Mar
cooke,12.356060606060606,Mar
coryell,14.000645161290322,Mar
cottle,11.152985074626866,Mar
crane,14.0784,Mar
crockett,14.362740384615385,Mar
crosby,10.407407407407407,Mar
culberson,11.975,Mar
dallam,6.802164502164502,Mar
dallas,13.5007299270073,Mar
dawson,11.4775,Mar
deaf smith,8.003333333333334,Mar
delta,12.31860465116279,Mar
denton,12.845454545454546,Mar
de witt,17.136290322580646,Mar
dickens,10.862857142857143,Mar
dimmit,18.561176470588236,Mar
donley,9.475384615384616,Mar
duval,18.507488986784143,Mar
eastland,12.832867132867133,Mar
ector,13.008396946564886,Mar
edwards,14.837591240875913,Mar
ellis,13.83529411764706,Mar
el paso,11.95890410958904,Mar
erath,13.260666666666667,Mar
falls,15.039823008849558,Mar
fannin,12.070491803278689,Mar
fayette,16.045255474452556,Mar
fisher,12.819512195121952,Mar
floyd,9.41969696969697,Mar
foard,11.497345132743362,Mar
fort bend,16.3552,Mar
franklin,12.597368421052632,Mar
freestone,14.761666666666667,Mar
frio,17.811409395973154,Mar
gaines,11.522510822510823,Mar
galveston,16.369767441860464,Mar
garza,11.483870967741936,Mar
gillespie,14.241935483870968,Mar
glasscock,12.576422764227642,Mar
goliad,17.86,Mar
gonzales,16.533333333333335,Mar
gray,8.678321678321678,Mar
grayson,12.116901408450705,Mar
gregg,13.565909090909091,Mar
grimes,15.627777777777778,Mar
guadalupe,16.221153846153847,Mar
hale,9.308823529411764,Mar
hall,10.582481751824817,Mar
hamilton,13.574137931034484,Mar
hansford,7.868531468531469,Mar
hardeman,11.161224489795918,Mar
hardin,15.5384,Mar
harris,16.236546184738955,Mar
harrison,13.601503759398495,Mar
hartley,7.513333333333334,Mar
haskell,12.75153846153846,Mar
hays,15.134883720930233,Mar
hemphill,8.677692307692308,Mar
henderson,14.256521739130434,Mar
hidalgo,20.226168224299066,Mar
hill,13.954676258992805,Mar
hockley,9.569127516778524,Mar
hood,13.585185185185185,Mar
hopkins,12.472413793103449,Mar
houston,14.7,Mar
howard,12.565034965034965,Mar
hudspeth,11.157404580152672,Mar
hunt,12.376422764227643,Mar
hutchinson,8.63076923076923,Mar
irion,13.611764705882353,Mar
jack,12.704615384615385,Mar
jackson,17.04491525423729,Mar
jasper,14.946527777777778,Mar
jeff davis,11.401253918495298,Mar
jefferson,15.975735294117648,Mar
jim hogg,19.217721518987343,Mar
jim wells,18.80672268907563,Mar
johnson,13.704950495049506,Mar
jones,13.107086614173229,Mar
karnes,17.401923076923076,Mar
kaufman,13.346902654867257,Mar
kendall,14.835227272727273,Mar
kenedy,19.378021978021977,Mar
kent,11.838095238095239,Mar
kerr,14.160625,Mar
kimble,13.865641025641025,Mar
king,11.507575757575758,Mar
kinney,16.614814814814814,Mar
kleberg,19.102830188679246,Mar
knox,12.166176470588235,Mar
lamar,12.161029411764705,Mar
lamb,8.922,Mar
lampasas,13.82577319587629,Mar
la salle,18.36039603960396,Mar
lavaca,16.329577464788734,Mar
lee,15.66989247311828,Mar
leon,14.943046357615895,Mar
liberty,15.771176470588236,Mar
limestone,14.63125,Mar
lipscomb,7.8783216783216785,Mar
live oak,18.104026845637584,Mar
llano,14.488636363636363,Mar
loving,13.309195402298851,Mar
lubbock,10.039393939393939,Mar
lynn,10.61796875,Mar
mcculloch,13.824242424242424,Mar
mclennan,14.263157894736842,Mar
mcmullen,18.062569832402236,Mar
madison,15.367567567567567,Mar
marion,13.557142857142857,Mar
martin,12.472727272727273,Mar
mason,14.053731343283582,Mar
matagorda,16.88300653594771,Mar
maverick,18.057222222222222,Mar
medina,16.801111111111112,Mar
menard,13.76,Mar
midland,13.026315789473685,Mar
milam,15.515602836879433,Mar
mills,13.740776699029126,Mar
mitchell,12.924242424242424,Mar
montague,12.545255474452555,Mar
montgomery,15.659090909090908,Mar
moore,7.804615384615385,Mar
morris,13.133333333333333,Mar
motley,10.56326530612245,Mar
nacogdoches,14.16853146853147,Mar
navarro,14.148387096774194,Mar
newton,14.800813008130081,Mar
nolan,12.616428571428571,Mar
nueces,18.764761904761905,Mar
ochiltree,7.891608391608392,Mar
oldham,8.22121212121212,Mar
orange,15.628846153846153,Mar
palo pinto,13.078947368421053,Mar
panola,13.765079365079366,Mar
parker,13.021212121212121,Mar
parmer,8.282222222222222,Mar
pecos,13.833038348082596,Mar
polk,14.852866242038216,Mar
potter,8.49090909090909,Mar
presidio,13.112801484230056,Mar
rains,12.810526315789474,Mar
randall,8.507692307692308,Mar
reagan,13.12258064516129,Mar
real,14.276404494382023,Mar
red river,12.318987341772152,Mar
reeves,13.483947368421052,Mar
refugio,18.03168316831683,Mar
roberts,8.523846153846154,Mar
robertson,15.40420168067227,Mar
rockwall,12.875,Mar
runnels,13.60448717948718,Mar
rusk,13.780314960629921,Mar
sabine,14.11547619047619,Mar
san augustine,14.060240963855422,Mar
san jacinto,15.048913043478262,Mar
san patricio,18.329896907216494,Mar
san saba,13.949689440993788,Mar
schleicher,13.96888888888889,Mar
scurry,12.23,Mar
shackelford,12.873846153846154,Mar
shelby,13.766666666666667,Mar
sherman,7.216083916083916,Mar
smith,13.748905109489051,Mar
somervell,13.885185185185184,Mar
starr,20.036969696969695,Mar
stephens,12.852500000000001,Mar
sterling,12.915447154471545,Mar
stonewall,12.284166666666666,Mar
sutton,14.429545454545455,Mar
swisher,8.681818181818182,Mar
tarrant,13.322727272727272,Mar
taylor,12.834814814814814,Mar
terrell,15.375602409638555,Mar
terry,10.391803278688524,Mar
throckmorton,12.57,Mar
titus,12.717241379310344,Mar
tom green,13.782272727272726,Mar
travis,15.245774647887323,Mar
trinity,14.762376237623762,Mar
tyler,14.968840579710145,Mar
upshur,13.297590361445783,Mar
upton,13.741340782122904,Mar
uvalde,16.391855203619908,Mar
val verde,16.310747663551403,Mar
van zandt,13.388429752066116,Mar
victoria,17.50769230769231,Mar
walker,15.299029126213592,Mar
waller,15.902816901408451,Mar
ward,13.634745762711864,Mar
washington,15.863529411764706,Mar
webb,18.98608137044968,Mar
wharton,16.46184210526316,Mar
wheeler,9.245454545454546,Mar
wichita,11.956122448979592,Mar
wilbarger,11.502205882352941,Mar
willacy,19.646753246753246,Mar
williamson,14.88,Mar
wilson,16.901923076923076,Mar
winkler,13.21391304347826,Mar
wise,12.884375,Mar
wood,13.02156862745098,Mar
yoakum,10.045,Mar
young,12.772307692307692,Mar
zapata,19.639455782312925,Mar
zavala,17.86470588235294,Mar
anderson,19.21483870967742,Apr
andrews,17.605238095238096,Apr
angelina,18.966101694915253,Apr
aransas,21.713333333333335,Apr
archer,17.92797202797203,Apr
armstrong,14.242307692307692,Apr
atascosa,21.84550561797753,Apr
austin,20.31098901098901,Apr
bailey,13.90909090909091,Apr
bandera,19.614563106796115,Apr
bastrop,20.230508474576272,Apr
baylor,17.612121212121213,Apr
bee,22.020491803278688,Apr
bell,19.447096774193547,Apr
bexar,20.72265193370166,Apr
blanco,19.004761904761907,Apr
borden,17.577692307692306,Apr
bosque,18.747945205479454,Apr
bowie,17.53409090909091,Apr
brazoria,20.623076923076923,Apr
brazos,19.9975,Apr
brewster,19.317116060961315,Apr
briscoe,14.838461538461539,Apr
brooks,23.5856,Apr
brown,18.4,Apr
burleson,20.08125,Apr
burnet,18.815172413793103,Apr
caldwell,20.288311688311687,Apr
calhoun,21.506,Apr
callahan,18.170454545454547,Apr
cameron,23.607692307692307,Apr
camp,17.903125,Apr
carson,13.941258741258741,Apr
cass,17.931428571428572,Apr
castro,13.474418604651163,Apr
chambers,20.45263157894737,Apr
cherokee,18.97,Apr
childress,16.73,Apr
clay,17.645454545454545,Apr
cochran,14.410743801652892,Apr
coke,18.30079365079365,Apr
coleman,18.644318181818182,Apr
collin,17.731496062992125,Apr
collingsworth,15.881538461538462,Apr
colorado,20.375757575757575,Apr
comal,19.775,Apr
comanche,18.223741007194246,Apr
concho,19.01205673758865,Apr
cooke,17.51818181818182,Apr
coryell,18.870967741935484,Apr
cottle,16.869402985074625,Apr
crane,19.16,Apr
crockett,19.198317307692307,Apr
crosby,15.87037037037037,Apr
culberson,16.7992700729927,Apr
dallam,12.016883116883117,Apr
dallas,18.44160583941606,Apr
dawson,16.864166666666666,Apr
deaf smith,13.126190476190477,Apr
delta,17.334883720930232,Apr
denton,17.96439393939394,Apr
de witt,21.22016129032258,Apr
dickens,16.470714285714287,Apr
dimmit,22.865882352941178,Apr
donley,15.037692307692307,Apr
duval,22.91806167400881,Apr
eastland,17.97902097902098,Apr
ector,18.10763358778626,Apr
edwards,19.447810218978102,Apr
ellis,18.700735294117646,Apr
el paso,16.856849315068494,Apr
erath,18.092666666666666,Apr
falls,19.571681415929202,Apr
fannin,17.143442622950822,Apr
fayette,20.362043795620437,Apr
fisher,18.16260162601626,Apr
floyd,14.93939393939394,Apr
foard,17.171681415929203,Apr
fort bend,20.628800000000002,Apr
franklin,17.51578947368421,Apr
freestone,19.14666666666667,Apr
frio,22.083892617449663,Apr
gaines,16.649350649350648,Apr
galveston,20.613953488372093,Apr
garza,16.94274193548387,Apr
gillespie,18.73032258064516,Apr
glasscock,17.88780487804878,Apr
goliad,21.77304347826087,Apr
gonzales,20.726666666666667,Apr
gray,14.246853146853146,Apr
grayson,17.397183098591547,Apr
gregg,18.2,Apr
grimes,20.0,Apr
guadalupe,20.527884615384615,Apr
hale,14.628676470588236,Apr
hall,16.221897810218977,Apr
hamilton,18.367241379310343,Apr
hansford,13.575524475524476,Apr
hardeman,16.83877551020408,Apr
hardin,19.732,Apr
harris,20.44738955823293,Apr
harrison,18.206766917293233,Apr
hartley,12.732857142857142,Apr
haskell,18.106923076923078,Apr
hays,19.608139534883723,Apr
hemphill,14.493846153846153,Apr
henderson,18.73840579710145,Apr
hidalgo,24.10093457943925,Apr
hill,18.823741007194243,Apr
hockley,14.885906040268456,Apr
hood,18.54259259259259,Apr
hopkins,17.375,Apr
houston,19.169444444444444,Apr
howard,18.03916083916084,Apr
hudspeth,15.92793893129771,Apr
hunt,17.341463414634145,Apr
hutchinson,14.22,Apr
irion,18.605228758169936,Apr
jack,18.024615384615384,Apr
jackson,21.085593220338982,Apr
jasper,19.264583333333334,Apr
jeff davis,16.064263322884013,Apr
jefferson,20.17794117647059,Apr
jim hogg,23.556962025316455,Apr
jim wells,22.87142857142857,Apr
johnson,18.66138613861386,Apr
jones,18.466141732283464,Apr
karnes,21.54230769230769,Apr
kaufman,18.202654867256637,Apr
kendall,19.134090909090908,Apr
kenedy,23.247252747252748,Apr
kent,17.325396825396826,Apr
kerr,18.80625,Apr
kimble,18.76820512820513,Apr
king,17.188636363636363,Apr
kinney,21.14973544973545,Apr
kleberg,22.95188679245283,Apr
knox,17.73014705882353,Apr
lamar,17.238970588235293,Apr
lamb,14.166666666666666,Apr
lampasas,18.550515463917524,Apr
la salle,22.85792079207921,Apr
lavaca,20.58169014084507,Apr
lee,20.088172043010754,Apr
leon,19.341721854304634,Apr
liberty,19.97235294117647,Apr
limestone,19.109375,Apr
lipscomb,13.802097902097902,Apr
live oak,22.3496644295302,Apr
llano,19.106060606060606,Apr
loving,18.295402298850576,Apr
lubbock,15.397727272727273,Apr
lynn,16.04921875,Apr
mcculloch,18.762424242424242,Apr
mclennan,19.11513157894737,Apr
mcmullen,22.54972067039106,Apr
madison,19.747297297297298,Apr
marion,18.225396825396825,Apr
martin,17.797727272727272,Apr
mason,18.835074626865673,Apr
matagorda,20.998039215686273,Apr
maverick,22.55611111111111,Apr
medina,21.009444444444444,Apr
menard,18.6408,Apr
midland,18.201503759398495,Apr
milam,19.95177304964539,Apr
mills,18.54368932038835,Apr
mitchell,18.240151515151517,Apr
montague,17.76131386861314,Apr
montgomery,19.98766233766234,Apr
moore,13.225384615384616,Apr
morris,17.956410256410255,Apr
motley,16.23061224489796,Apr
nacogdoches,18.64055944055944,Apr
navarro,18.781935483870967,Apr
newton,19.152845528455284,Apr
nolan,17.9,Apr
nueces,22.67142857142857,Apr
ochiltree,13.65944055944056,Apr
oldham,13.387012987012987,Apr
orange,19.819230769230767,Apr
palo pinto,18.32171052631579,Apr
panola,18.288888888888888,Apr
parker,18.178030303030305,Apr
parmer,13.386666666666667,Apr
pecos,18.610914454277285,Apr
polk,19.16815286624204,Apr
potter,13.795804195804196,Apr
presidio,18.12430426716141,Apr
rains,17.607894736842105,Apr
randall,13.773076923076923,Apr
reagan,18.26,Apr
real,19.052808988764045,Apr
red river,17.250632911392405,Apr
reeves,18.33473684210526,Apr
refugio,21.825742574257426,Apr
roberts,14.20923076923077,Apr
robertson,19.705042016806722,Apr
rockwall,17.855,Apr
runnels,18.80448717948718,Apr
rusk,18.325984251968503,Apr
sabine,18.58809523809524,Apr
san augustine,18.539759036144577,Apr
san jacinto,19.428260869565218,Apr
san patricio,22.27319587628866,Apr
san saba,18.728571428571428,Apr
schleicher,18.796666666666667,Apr
scurry,17.551666666666666,Apr
shackelford,18.136923076923075,Apr
shelby,18.3008547008547,Apr
sherman,12.702097902097902,Apr
smith,18.310948905109488,Apr
somervell,18.733333333333334,Apr
starr,24.23212121212121,Apr
stephens,18.15416666666667,Apr
sterling,18.116260162601627,Apr
stonewall,17.7675,Apr
sutton,19.174545454545456,Apr
swisher,14.012587412587413,Apr
tarrant,18.44621212121212,Apr
taylor,18.216296296296296,Apr
terrell,20.276506024096385,Apr
terry,15.717213114754099,Apr
throckmorton,17.895833333333332,Apr
titus,17.632758620689657,Apr
tom green,18.825454545454544,Apr
travis,19.878169014084506,Apr
trinity,19.176237623762376,Apr
tyler,19.207246376811593,Apr
upshur,17.996385542168674,Apr
upton,18.775977653631283,Apr
uvalde,21.01764705882353,Apr
val verde,21.004906542056077,Apr
van zandt,18.05206611570248,Apr
victoria,21.486324786324786,Apr
walker,19.740776699029126,Apr
waller,20.27605633802817,Apr
ward,18.716949152542373,Apr
washington,20.192941176470587,Apr
webb,23.480728051391864,Apr
wharton,20.692105263157895,Apr
wheeler,14.926573426573427,Apr
wichita,17.45408163265306,Apr
wilbarger,17.174264705882354,Apr
willacy,23.444155844155844,Apr
williamson,19.55375,Apr
wilson,21.182692307692307,Apr
winkler,18.30086956521739,Apr
wise,18.07578125,Apr
wood,17.751960784313727,Apr
yoakum,15.219166666666666,Apr
young,18.080000000000002,Apr
zapata,24.257142857142856,Apr
zavala,22.34385026737968,Apr
anderson,22.759354838709676,May
andrews,22.062380952380952,May
angelina,22.73898305084746,May
aransas,24.96,May
archer,22.167132867132867,May
armstrong,18.931538461538462,May
atascosa,24.982022471910113,May
austin,23.836263736263735,May
bailey,18.779090909090908,May
bandera,23.032038834951457,May
bastrop,23.663559322033898,May
baylor,21.94090909090909,May
bee,25.102459016393443,May
bell,23.11935483870968,May
bexar,24.18232044198895,May
blanco,22.726666666666667,May
borden,21.93846153846154,May
bosque,22.56917808219178,May
bowie,21.617424242424242,May
brazoria,23.984102564102564,May
brazos,23.69875,May
brewster,23.111254396248533,May
briscoe,19.483916083916085,May
brooks,26.2744,May
brown,22.25985401459854,May
burleson,23.832291666666666,May
burnet,22.59448275862069,May
caldwell,23.85974025974026,May
calhoun,24.802,May
callahan,22.175,May
cameron,26.185470085470087,May
camp,21.915625,May
carson,18.662237762237762,May
cass,21.93357142857143,May
castro,18.288372093023256,May
chambers,24.069736842105264,May
cherokee,22.612666666666666,May
childress,21.327,May
clay,21.913939393939394,May
cochran,19.08677685950413,May
coke,22.372222222222224,May
coleman,22.442045454545454,May
collin,21.898425196850393,May
collingsworth,20.516923076923078,May
colorado,23.73181818181818,May
comal,23.36125,May
comanche,22.068345323741006,May
concho,22.840425531914892,May
cooke,21.56742424242424,May
coryell,22.541290322580647,May
cottle,21.391044776119404,May
crane,23.4496,May
crockett,23.129807692307693,May
crosby,20.492592592592594,May
culberson,21.150182481751823,May
dallam,16.958874458874458,May
dallas,22.64014598540146,May
dawson,21.331666666666667,May
deaf smith,17.913809523809523,May
delta,21.548837209302327,May
denton,22.036363636363635,May
de witt,24.462096774193547,May
dickens,20.992142857142856,May
dimmit,26.00176470588235,May
donley,19.66923076923077,May
duval,25.723788546255506,May
eastland,21.869230769230768,May
ector,22.48702290076336,May
edwards,22.804379562043795,May
ellis,22.7125,May
el paso,21.481506849315068,May
erath,21.98,May
falls,23.32300884955752,May
fannin,21.330327868852457,May
fayette,23.74963503649635,May
fisher,22.53008130081301,May
floyd,19.590151515151515,May
foard,21.755752212389382,May
fort bend,23.9592,May
franklin,21.6,May
freestone,22.78333333333333,May
frio,25.154362416107382,May
gaines,21.164935064935065,May
galveston,24.10232558139535,May
garza,21.393548387096775,May
gillespie,22.158709677419356,May
glasscock,22.085365853658537,May
goliad,24.914782608695653,May
gonzales,24.125333333333334,May
gray,18.941258741258743,May
grayson,21.62605633802817,May
gregg,22.05909090909091,May
grimes,23.598148148148148,May
guadalupe,24.029807692307692,May
hale,19.53970588235294,May
hall,20.805839416058394,May
hamilton,22.089655172413792,May
hansford,18.474825174825174,May
hardeman,21.55204081632653,May
hardin,23.2144,May
harris,23.93293172690763,May
harrison,22.141353383458647,May
hartley,17.574761904761903,May
haskell,22.560769230769232,May
hays,23.27674418604651,May
hemphill,19.19,May
henderson,22.47463768115942,May
hidalgo,26.49392523364486,May
hill,22.779856115107915,May
hockley,19.739597315436242,May
hood,22.44814814814815,May
hopkins,21.489655172413794,May
houston,22.734444444444446,May
howard,22.371328671328673,May
hudspeth,20.396946564885496,May
hunt,21.478861788617888,May
hutchinson,19.014615384615386,May
irion,22.59673202614379,May
jack,21.974615384615383,May
jackson,24.37372881355932,May
jasper,22.76597222222222,May
jeff davis,20.09278996865204,May
jefferson,23.86544117647059,May
jim hogg,26.21139240506329,May
jim wells,25.76890756302521,May
johnson,22.61881188118812,May
jones,22.770866141732284,May
karnes,24.72980769230769,May
kaufman,22.214159292035397,May
kendall,22.670454545454547,May
kenedy,25.95054945054945,May
kent,21.83015873015873,May
kerr,22.160625,May
kimble,22.297948717948717,May
king,21.723484848484848,May
kinney,24.46878306878307,May
kleberg,25.83490566037736,May
knox,22.211764705882352,May
lamar,21.452205882352942,May
lamb,19.06,May
lampasas,22.296907216494844,May
la salle,25.810396039603962,May
lavaca,23.864084507042254,May
lee,23.56989247311828,May
leon,22.896688741721853,May
liberty,23.54235294117647,May
limestone,22.86015625,May
lipscomb,18.63776223776224,May
live oak,25.371812080536913,May
llano,22.87727272727273,May
loving,22.854022988505747,May
lubbock,20.243939393939392,May
lynn,20.55234375,May
mcculloch,22.406666666666666,May
mclennan,23.063815789473683,May
mcmullen,25.546927374301674,May
madison,23.339189189189188,May
marion,22.168253968253968,May
martin,22.243181818181817,May
mason,22.302985074626864,May
matagorda,24.337254901960783,May
maverick,25.816666666666666,May
medina,24.415555555555557,May
menard,22.2896,May
midland,22.594736842105263,May
milam,23.556028368794326,May
mills,22.292233009708738,May
mitchell,22.546969696969697,May
montague,21.85255474452555,May
montgomery,23.483766233766232,May
moore,18.14923076923077,May
morris,22.01794871794872,May
motley,20.759863945578232,May
nacogdoches,22.384615384615383,May
navarro,22.62,May
newton,22.65691056910569,May
nolan,22.03142857142857,May
nueces,25.595238095238095,May
ochiltree,18.513286713286714,May
oldham,18.235497835497835,May
orange,23.45576923076923,May
palo pinto,22.186184210526317,May
panola,22.184920634920633,May
parker,22.159848484848485,May
parmer,18.201481481481483,May
pecos,22.726991150442476,May
polk,22.75923566878981,May
potter,18.7013986013986,May
presidio,22.043228200371058,May
rains,21.607894736842105,May
randall,18.59769230769231,May
reagan,22.328387096774193,May
real,22.391011235955055,May
red river,21.38227848101266,May
reeves,22.826842105263157,May
refugio,24.988118811881186,May
roberts,19.006153846153847,May
robertson,23.350420168067227,May
rockwall,21.975,May
runnels,22.746794871794872,May
rusk,22.093700787401573,May
sabine,22.167857142857144,May
san augustine,22.185542168674697,May
san jacinto,22.940217391304348,May
san patricio,25.287628865979382,May
san saba,22.444099378881987,May
schleicher,22.654444444444444,May
scurry,21.994166666666665,May
shackelford,22.323846153846155,May
shelby,22.04102564102564,May
sherman,17.720979020979023,May
smith,22.080291970802918,May
somervell,22.59259259259259,May
starr,26.81878787878788,May
stephens,22.155,May
sterling,22.234146341463415,May
stonewall,22.255,May
sutton,22.877727272727274,May
swisher,18.81118881118881,May
tarrant,22.53181818181818,May
taylor,22.320740740740742,May
terrell,24.09487951807229,May
terry,20.331967213114755,May
throckmorton,22.13,May
titus,21.720689655172414,May
tom green,22.849545454545453,May
travis,23.559859154929576,May
trinity,22.827722772277227,May
tyler,22.718115942028987,May
upshur,21.916867469879517,May
upton,23.01284916201117,May
uvalde,24.297285067873304,May
val verde,24.648831775700934,May
van zandt,21.97190082644628,May
victoria,24.737606837606837,May
walker,23.301941747572815,May
waller,23.783098591549294,May
ward,23.13813559322034,May
washington,23.898823529411764,May
webb,26.466381156316917,May
wharton,23.973026315789475,May
wheeler,19.53146853146853,May
wichita,21.955102040816328,May
wilbarger,21.7375,May
willacy,26.006493506493506,May
williamson,23.181875,May
wilson,24.482692307692307,May
winkler,22.742608695652173,May
wise,22.028125,May
wood,21.685294117647057,May
yoakum,19.710833333333333,May
young,22.127692307692307,May
zapata,26.989115646258504,May
zavala,25.433689839572192,May
anderson,26.305806451612902,Jun
andrews,26.001428571428573,Jun
angelina,26.15084745762712,Jun
aransas,27.62,Jun
archer,26.445454545454545,Jun
armstrong,23.595384615384617,Jun
atascosa,27.854494382022473,Jun
austin,27.03956043956044,Jun
bailey,23.421818181818182,Jun
bandera,26.075728155339807,Jun
bastrop,26.96864406779661,Jun
baylor,26.315151515151516,Jun
bee,27.800819672131148,Jun
bell,26.688387096774193,Jun
bexar,27.41767955801105,Jun
blanco,26.055238095238096,Jun
borden,25.77076923076923,Jun
bosque,26.364383561643837,Jun
bowie,25.595454545454544,Jun
brazoria,26.88,Jun
brazos,27.12625,Jun
brewster,26.209026963657678,Jun
briscoe,24.063636363636363,Jun
brooks,28.54,Jun
brown,25.96788321167883,Jun
burleson,27.2375,Jun
burnet,26.171724137931033,Jun
caldwell,27.070129870129872,Jun
calhoun,27.532,Jun
callahan,25.88939393939394,Jun
cameron,28.175213675213676,Jun
camp,25.86875,Jun
carson,23.3986013986014,Jun
cass,25.705714285714286,Jun
castro,22.889922480620154,Jun
chambers,27.142105263157895,Jun
cherokee,26.2,Jun
childress,26.096,Jun
clay,26.21939393939394,Jun
cochran,23.489256198347107,Jun
coke,26.04206349206349,Jun
coleman,26.058522727272727,Jun
collin,26.081102362204724,Jun
collingsworth,25.157692307692308,Jun
colorado,26.89848484848485,Jun
comal,26.64125,Jun
comanche,25.86546762589928,Jun
concho,26.381560283687943,Jun
cooke,25.85530303030303,Jun
coryell,26.329032258064515,Jun
cottle,25.975373134328358,Jun
crane,27.2664,Jun
crockett,26.314663461538462,Jun
crosby,24.895555555555557,Jun
culberson,25.278467153284673,Jun
dallam,22.398701298701297,Jun
dallas,26.843795620437955,Jun
dawson,25.340833333333332,Jun
deaf smith,22.746666666666666,Jun
delta,25.686046511627907,Jun
denton,26.274242424242424,Jun
de witt,27.387096774193548,Jun
dickens,25.304285714285715,Jun
dimmit,29.045882352941177,Jun
donley,24.212307692307693,Jun
duval,28.196916299559472,Jun
eastland,25.744055944055944,Jun
ector,26.31679389312977,Jun
edwards,25.825912408759123,Jun
ellis,26.694117647058825,Jun
el paso,26.313013698630137,Jun
erath,25.805333333333333,Jun
falls,26.86637168141593,Jun
fannin,25.509836065573772,Jun
fayette,27.0014598540146,Jun
fisher,26.369918699186993,Jun
floyd,24.11060606060606,Jun
foard,26.38849557522124,Jun
fort bend,26.9424,Jun
franklin,25.61842105263158,Jun
freestone,26.433333333333334,Jun
frio,28.01006711409396,Jun
gaines,25.314718614718615,Jun
galveston,27.027906976744188,Jun
garza,25.501612903225805,Jun
gillespie,25.385161290322582,Jun
glasscock,25.796747967479675,Jun
goliad,27.584347826086958,Jun
gonzales,27.196,Jun
gray,23.57832167832168,Jun
grayson,25.902112676056337,Jun
gregg,25.845454545454544,Jun
grimes,26.937037037037037,Jun
guadalupe,27.246153846153845,Jun
hale,24.144117647058824,Jun
hall,25.416058394160583,Jun
hamilton,25.88362068965517,Jun
hansford,23.68111888111888,Jun
hardeman,26.33877551020408,Jun
hardin,26.2504,Jun
harris,27.013253012048192,Jun
harrison,25.837593984962407,Jun
hartley,22.82857142857143,Jun
haskell,26.56230769230769,Jun
hays,26.565116279069766,Jun
hemphill,23.98,Jun
henderson,26.278260869565216,Jun
hidalgo,28.476635514018692,Jun
hill,26.671223021582733,Jun
hockley,24.251677852348994,Jun
hood,26.394444444444446,Jun
hopkins,25.573275862068964,Jun
houston,26.231666666666666,Jun
howard,26.10909090909091,Jun
hudspeth,24.935419847328244,Jun
hunt,25.692682926829267,Jun
hutchinson,23.939230769230768,Jun
irion,25.948366013071894,Jun
jack,26.183846153846154,Jun
jackson,27.39322033898305,Jun
jasper,25.909027777777776,Jun
jeff davis,23.869905956112852,Jun
jefferson,26.928676470588236,Jun
jim hogg,28.412025316455697,Jun
jim wells,28.334453781512604,Jun
johnson,26.562376237623763,Jun
jones,26.60551181102362,Jun
karnes,27.54326923076923,Jun
kaufman,26.289380530973453,Jun
kendall,25.818181818181817,Jun
kenedy,28.146703296703297,Jun
kent,25.952380952380953,Jun
kerr,25.34125,Jun
kimble,25.76153846153846,Jun
king,26.046212121212122,Jun
kinney,27.45925925925926,Jun
kleberg,28.241509433962264,Jun
knox,26.53014705882353,Jun
lamar,25.633823529411764,Jun
lamb,23.602666666666668,Jun
lampasas,26.01134020618557,Jun
la salle,28.825742574257426,Jun
lavaca,27.159859154929578,Jun
lee,26.876344086021504,Jun
leon,26.41390728476821,Jun
liberty,26.667058823529413,Jun
limestone,26.575781250000002,Jun
lipscomb,23.715384615384615,Jun
live oak,28.08322147651007,Jun
llano,26.386363636363637,Jun
loving,27.033333333333335,Jun
lubbock,24.828030303030303,Jun
lynn,24.725,Jun
mcculloch,25.96727272727273,Jun
mclennan,26.89671052631579,Jun
mcmullen,28.305027932960893,Jun
madison,26.772972972972973,Jun
marion,25.887301587301586,Jun
martin,26.10757575757576,Jun
mason,25.79776119402985,Jun
matagorda,27.230718954248367,Jun
maverick,28.773333333333333,Jun
medina,27.335,Jun
menard,25.7776,Jun
midland,26.378947368421052,Jun
milam,26.91631205673759,Jun
mills,25.93592233009709,Jun
mitchell,26.28409090909091,Jun
montague,26.015328467153285,Jun
montgomery,26.76883116883117,Jun
moore,23.288461538461537,Jun
morris,25.902564102564103,Jun
motley,25.203401360544216,Jun
nacogdoches,25.955244755244756,Jun
navarro,26.510967741935485,Jun
newton,25.865040650406502,Jun
nolan,25.74,Jun
nueces,28.104761904761904,Jun
ochiltree,23.527972027972027,Jun
oldham,23.31082251082251,Jun
orange,26.54423076923077,Jun
palo pinto,26.424342105263158,Jun
panola,25.823809523809523,Jun
parker,26.30378787878788,Jun
parmer,22.921481481481482,Jun
pecos,26.360324483775813,Jun
polk,26.03248407643312,Jun
potter,23.697902097902098,Jun
presidio,25.575324675324676,Jun
rains,25.728947368421053,Jun
randall,23.336153846153845,Jun
reagan,25.83741935483871,Jun
real,25.476404494382024,Jun
red river,25.403164556962025,Jun
reeves,26.966578947368422,Jun
refugio,27.587128712871287,Jun
roberts,23.832307692307694,Jun
robertson,26.811764705882354,Jun
rockwall,26.115000000000002,Jun
runnels,26.351282051282052,Jun
rusk,25.80472440944882,Jun
sabine,25.573809523809523,Jun
san augustine,25.66867469879518,Jun
san jacinto,26.266304347826086,Jun
san patricio,27.916494845360823,Jun
san saba,26.018633540372672,Jun
schleicher,25.958333333333332,Jun
scurry,25.885,Jun
shackelford,26.119230769230768,Jun
shelby,25.664957264957266,Jun
sherman,23.097202797202797,Jun
smith,25.895620437956204,Jun
somervell,26.403703703703705,Jun
starr,28.89090909090909,Jun
stephens,26.225,Jun
sterling,25.817886178861787,Jun
stonewall,26.355833333333333,Jun
sutton,25.99772727272727,Jun
swisher,23.418181818181818,Jun
tarrant,26.734848484848484,Jun
taylor,26.055555555555557,Jun
terrell,27.229819277108433,Jun
terry,24.574590163934428,Jun
throckmorton,26.210833333333333,Jun
titus,25.68793103448276,Jun
tom green,26.478181818181817,Jun
travis,26.98661971830986,Jun
trinity,26.244554455445545,Jun
tyler,25.795652173913044,Jun
upshur,25.790361445783134,Jun
upton,26.666480446927373,Jun
uvalde,27.213122171945702,Jun
val verde,27.692523364485982,Jun
van zandt,25.947107438016527,Jun
victoria,27.584615384615386,Jun
walker,26.715533980582524,Jun
waller,26.97605633802817,Jun
ward,27.315254237288137,Jun
washington,27.274117647058823,Jun
webb,29.258244111349036,Jun
wharton,26.9375,Jun
wheeler,24.216783216783217,Jun
wichita,26.537755102040816,Jun
wilbarger,26.438970588235293,Jun
willacy,28.027272727272727,Jun
williamson,26.670625,Jun
wilson,27.52019230769231,Jun
winkler,26.85913043478261,Jun
wise,26.1359375,Jun
wood,25.65392156862745,Jun
yoakum,23.995833333333334,Jun
young,26.247692307692308,Jun
zapata,29.22721088435374,Jun
zavala,28.25187165775401,Jun
anderson,28.280645161290323,Jul
andrews,27.15142857142857,Jul
angelina,27.904237288135594,Jul
aransas,28.633333333333333,Jul
archer,29.226573426573427,Jul
armstrong,26.07846153846154,Jul
atascosa,29.18932584269663,Jul
austin,28.583516483516483,Jul
bailey,25.04,Jul
bandera,27.351456310679612,Jul
bastrop,28.64830508474576,Jul
baylor,29.00378787878788,Jul
bee,29.03360655737705,Jul
bell,28.79225806451613,Jul
bexar,28.85745856353591,Jul
blanco,27.763809523809524,Jul
borden,27.56153846153846,Jul
bosque,28.58013698630137,Jul
bowie,27.62121212121212,Jul
brazoria,28.155384615384616,Jul
brazos,28.91375,Jul
brewster,26.584173505275498,Jul
briscoe,26.43846153846154,Jul
brooks,29.5248,Jul
brown,28.07007299270073,Jul
burleson,29.052083333333332,Jul
burnet,28.038620689655172,Jul
caldwell,28.728571428571428,Jul
calhoun,28.836,Jul
callahan,28.096969696969698,Jul
cameron,28.87863247863248,Jul
camp,28.06875,Jul
carson,25.95314685314685,Jul
cass,27.784285714285716,Jul
castro,24.78062015503876,Jul
chambers,28.353947368421053,Jul
cherokee,28.142666666666667,Jul
childress,28.626,Jul
clay,29.033333333333335,Jul
cochran,24.929752066115704,Jul
coke,27.85238095238095,Jul
coleman,28.022159090909092,Jul
collin,28.516535433070867,Jul
collingsworth,27.976153846153846,Jul
colorado,28.38939393939394,Jul
comal,28.24125,Jul
comanche,28.097841726618704,Jul
concho,28.085106382978722,Jul
cooke,28.561363636363637,Jul
coryell,28.52064516129032,Jul
cottle,28.55,Jul
crane,28.476,Jul
crockett,27.652403846153845,Jul
crosby,26.88962962962963,Jul
culberson,26.040328467153284,Jul
dallam,24.835497835497836,Jul
dallas,29.247445255474453,Jul
dawson,26.928333333333335,Jul
deaf smith,24.80142857142857,Jul
delta,28.08604651162791,Jul
denton,28.81969696969697,Jul
de witt,28.690322580645162,Jul
dickens,27.677142857142858,Jul
dimmit,30.23941176470588,Jul
donley,26.99230769230769,Jul
duval,29.22466960352423,Jul
eastland,28.01048951048951,Jul
ector,27.527480916030534,Jul
edwards,27.255109489051094,Jul
ellis,29.051470588235293,Jul
el paso,27.416438356164385,Jul
erath,28.012,Jul
falls,28.932743362831857,Jul
fannin,27.93606557377049,Jul
fayette,28.653284671532848,Jul
fisher,28.341463414634145,Jul
floyd,26.25378787878788,Jul
foard,28.971681415929204,Jul
fort bend,28.2744,Jul
franklin,27.852631578947367,Jul
freestone,28.5575,Jul
frio,29.24765100671141,Jul
gaines,26.58138528138528,Jul
galveston,28.309302325581395,Jul
garza,27.467741935483872,Jul
gillespie,26.99483870967742,Jul
glasscock,27.272357723577237,Jul
goliad,28.831304347826087,Jul
gonzales,28.747333333333334,Jul
gray,26.431468531468532,Jul
grayson,28.47676056338028,Jul
gregg,28.025,Jul
grimes,28.630555555555556,Jul
guadalupe,28.802884615384617,Jul
hale,25.898529411764706,Jul
hall,28.063503649635038,Jul
hamilton,28.137931034482758,Jul
hansford,26.35174825174825,Jul
hardeman,28.897959183673468,Jul
hardin,27.6904,Jul
harris,28.443775100401606,Jul
harrison,27.866917293233083,Jul
hartley,25.215238095238096,Jul
haskell,28.984615384615385,Jul
hays,28.232558139534884,Jul
hemphill,26.981538461538463,Jul
henderson,28.473188405797103,Jul
hidalgo,29.3696261682243,Jul
hill,28.928057553956833,Jul
hockley,25.619463087248324,Jul
hood,28.63888888888889,Jul
hopkins,27.93448275862069,Jul
houston,28.066111111111113,Jul
howard,27.814685314685313,Jul
hudspeth,25.824885496183207,Jul
hunt,28.088617886178863,Jul
hutchinson,26.587692307692308,Jul
irion,27.394771241830064,Jul
jack,28.79769230769231,Jul
jackson,28.741525423728813,Jul
jasper,27.428472222222222,Jul
jeff davis,24.199686520376176,Jul
jefferson,28.10808823529412,Jul
jim hogg,29.383544303797468,Jul
jim wells,29.45294117647059,Jul
johnson,28.90990099009901,Jul
jones,28.822047244094488,Jul
karnes,28.902884615384615,Jul
kaufman,28.74513274336283,Jul
kendall,27.354545454545455,Jul
kenedy,29.12087912087912,Jul
kent,28.08888888888889,Jul
kerr,26.746875,Jul
kimble,27.276923076923076,Jul
king,28.562878787878788,Jul
kinney,28.833333333333332,Jul
kleberg,29.312264150943395,Jul
knox,29.077205882352942,Jul
lamar,28.03529411764706,Jul
lamb,25.230666666666668,Jul
lampasas,28.08659793814433,Jul
la salle,29.976237623762376,Jul
lavaca,28.573943661971832,Jul
lee,28.625806451612902,Jul
leon,28.365562913907283,Jul
liberty,28.114117647058823,Jul
limestone,28.73515625,Jul
lipscomb,26.81048951048951,Jul
live oak,29.348322147651007,Jul
llano,28.25151515151515,Jul
loving,28.150574712643678,Jul
lubbock,26.367424242424242,Jul
lynn,26.384375,Jul
mcculloch,27.856363636363636,Jul
mclennan,29.096052631578946,Jul
mcmullen,29.554189944134077,Jul
madison,28.60135135135135,Jul
marion,27.947619047619046,Jul
martin,27.526515151515152,Jul
mason,27.541044776119403,Jul
matagorda,28.472549019607843,Jul
maverick,30.066111111111113,Jul
medina,28.52777777777778,Jul
menard,27.3408,Jul
midland,27.63684210526316,Jul
milam,28.843262411347517,Jul
mills,28.054368932038834,Jul
mitchell,28.056818181818183,Jul
montague,28.78832116788321,Jul
montgomery,28.349350649350647,Jul
moore,25.92153846153846,Jul
morris,28.038461538461537,Jul
motley,27.801360544217687,Jul
nacogdoches,27.832867132867133,Jul
navarro,28.86,Jul
newton,27.34390243902439,Jul
nolan,27.606428571428573,Jul
nueces,29.251428571428573,Jul
ochiltree,26.516783216783217,Jul
oldham,25.536363636363635,Jul
orange,27.76923076923077,Jul
palo pinto,28.767763157894738,Jul
panola,27.817460317460316,Jul
parker,28.72651515151515,Jul
parmer,24.76888888888889,Jul
pecos,27.272566371681418,Jul
polk,27.719108280254776,Jul
potter,26.02937062937063,Jul
presidio,25.87625231910946,Jul
rains,28.155263157894737,Jul
randall,25.483846153846155,Jul
reagan,27.183870967741935,Jul
real,26.808988764044944,Jul
red river,27.622151898734177,Jul
reeves,27.833684210526314,Jul
refugio,28.803960396039603,Jul
roberts,26.713846153846152,Jul
robertson,28.770588235294117,Jul
rockwall,28.505,Jul
runnels,28.121794871794872,Jul
rusk,27.866141732283463,Jul
sabine,27.332142857142856,Jul
san augustine,27.502409638554216,Jul
san jacinto,27.946739130434782,Jul
san patricio,29.084536082474227,Jul
san saba,27.985714285714284,Jul
schleicher,27.385555555555555,Jul
scurry,27.745,Jul
shackelford,28.43846153846154,Jul
shelby,27.57179487179487,Jul
sherman,25.683916083916085,Jul
smith,28.079562043795622,Jul
somervell,28.596296296296295,Jul
starr,29.830909090909092,Jul
stephens,28.63,Jul
sterling,27.37317073170732,Jul
stonewall,28.609166666666667,Jul
sutton,27.396363636363635,Jul
swisher,25.45944055944056,Jul
tarrant,29.15,Jul
taylor,28.174074074074074,Jul
terrell,28.190963855421685,Jul
terry,25.985245901639345,Jul
throckmorton,28.7525,Jul
titus,27.882758620689653,Jul
tom green,28.12090909090909,Jul
travis,28.72112676056338,Jul
trinity,28.024752475247524,Jul
tyler,27.395652173913042,Jul
upshur,28.00602409638554,Jul
upton,27.87653631284916,Jul
uvalde,28.435746606334842,Jul
val verde,28.94322429906542,Jul
van zandt,28.33719008264463,Jul
victoria,28.875213675213676,Jul
walker,28.436893203883496,Jul
waller,28.49718309859155,Jul
ward,28.465254237288136,Jul
washington,28.99529411764706,Jul
webb,30.30813704496788,Jul
wharton,28.275,Jul
wheeler,27.17062937062937,Jul
wichita,29.3265306122449,Jul
wilbarger,29.144117647058824,Jul
willacy,28.88961038961039,Jul
williamson,28.55125,Jul
wilson,29.0,Jul
winkler,28.019130434782607,Jul
wise,28.75,Jul
wood,27.983333333333334,Jul
yoakum,25.3675,Jul
young,28.88,Jul
zapata,30.26530612244898,Jul
zavala,29.552406417112298,Jul
anderson,28.3341935483871,Aug
andrews,26.430476190476192,Aug
angelina,27.771186440677965,Aug
aransas,28.613333333333333,Aug
archer,28.716783216783217,Aug
armstrong,25.09923076923077,Aug
atascosa,29.20449438202247,Aug
austin,28.66813186813187,Aug
bailey,23.932727272727274,Aug
bandera,27.290291262135923,Aug
bastrop,28.75423728813559,Aug
baylor,28.415151515151514,Aug
bee,29.195901639344264,Aug
bell,28.80258064516129,Aug
bexar,28.796132596685084,Aug
blanco,27.62857142857143,Aug
borden,26.830000000000002,Aug
bosque,28.504109589041096,Aug
bowie,27.404545454545456,Aug
brazoria,28.125641025641027,Aug
brazos,29.0025,Aug
brewster,25.95767878077374,Aug
briscoe,25.3986013986014,Aug
brooks,29.5136,Aug
brown,27.744525547445257,Aug
burleson,29.127083333333335,Aug
burnet,27.913103448275862,Aug
caldwell,28.794805194805196,Aug
calhoun,28.774,Aug
callahan,27.69090909090909,Aug
cameron,29.01880341880342,Aug
camp,27.865625,Aug
carson,24.95104895104895,Aug
cass,27.62857142857143,Aug
castro,23.66046511627907,Aug
chambers,28.313157894736843,Aug
cherokee,28.06,Aug
childress,27.618,Aug
clay,28.54,Aug
cochran,24.01404958677686,Aug
coke,27.334126984126986,Aug
coleman,27.64318181818182,Aug
collin,28.325196850393702,Aug
collingsworth,26.946923076923078,Aug
colorado,28.52348484848485,Aug
comal,28.21875,Aug
comanche,27.83956834532374,Aug
concho,27.613475177304963,Aug
cooke,28.30530303030303,Aug
coryell,28.42258064516129,Aug
cottle,27.63955223880597,Aug
crane,27.856,Aug
crockett,27.2625,Aug
crosby,25.93777777777778,Aug
culberson,25.10492700729927,Aug
dallam,23.712987012987014,Aug
dallas,29.05109489051095,Aug
dawson,26.178333333333335,Aug
deaf smith,23.69142857142857,Aug
delta,27.87906976744186,Aug
denton,28.56060606060606,Aug
de witt,28.874193548387098,Aug
dickens,26.78,Aug
dimmit,30.115882352941178,Aug
donley,25.916153846153847,Aug
duval,29.27929515418502,Aug
eastland,27.733566433566434,Aug
ector,26.885496183206108,Aug
edwards,26.96861313868613,Aug
ellis,28.903676470588234,Aug
el paso,26.274657534246575,Aug
erath,27.91,Aug
falls,28.989380530973452,Aug
fannin,27.697540983606558,Aug
fayette,28.76204379562044,Aug
fisher,27.64959349593496,Aug
floyd,25.191666666666666,Aug
foard,28.11858407079646,Aug
fort bend,28.2768,Aug
franklin,27.71842105263158,Aug
freestone,28.5625,Aug
frio,29.233557046979865,Aug
gaines,25.82251082251082,Aug
galveston,28.288372093023256,Aug
garza,26.690322580645162,Aug
gillespie,26.801290322580645,Aug
glasscock,26.784552845528456,Aug
goliad,28.981739130434782,Aug
gonzales,28.884,Aug
gray,25.43076923076923,Aug
grayson,28.291549295774647,Aug
gregg,27.836363636363636,Aug
grimes,28.69537037037037,Aug
guadalupe,28.866346153846152,Aug
hale,24.823529411764707,Aug
hall,26.993430656934308,Aug
hamilton,27.935344827586206,Aug
hansford,25.32937062937063,Aug
hardeman,28.001020408163264,Aug
hardin,27.584,Aug
harris,28.362248995983936,Aug
harrison,27.677443609022557,Aug
hartley,24.054761904761904,Aug
haskell,28.34923076923077,Aug
hays,28.23720930232558,Aug
hemphill,26.023846153846154,Aug
henderson,28.429710144927537,Aug
hidalgo,29.58551401869159,Aug
hill,28.879856115107913,Aug
hockley,24.70939597315436,Aug
hood,28.524074074074075,Aug
hopkins,27.760344827586206,Aug
houston,28.09111111111111,Aug
howard,27.19020979020979,Aug
hudspeth,24.7206106870229,Aug
hunt,27.926829268292682,Aug
hutchinson,25.540769230769232,Aug
irion,26.95032679738562,Aug
jack,28.42076923076923,Aug
jackson,28.73220338983051,Aug
jasper,27.35486111111111,Aug
jeff davis,23.3423197492163,Aug
jefferson,27.971323529411766,Aug
jim hogg,29.464556962025316,Aug
jim wells,29.5,Aug
johnson,28.795049504950494,Aug
jones,28.26299212598425,Aug
karnes,29.0625,Aug
kaufman,28.638938053097345,Aug
kendall,27.211363636363636,Aug
kenedy,29.11263736263736,Aug
kent,27.280158730158732,Aug
kerr,26.561875,Aug
kimble,26.896923076923077,Aug
king,27.720454545454544,Aug
kinney,28.696296296296296,Aug
kleberg,29.287735849056602,Aug
knox,28.29485294117647,Aug
lamar,27.767647058823528,Aug
lamb,24.105333333333334,Aug
lampasas,27.84742268041237,Aug
la salle,29.903465346534652,Aug
lavaca,28.713380281690142,Aug
lee,28.767741935483873,Aug
leon,28.423841059602648,Aug
liberty,28.038823529411765,Aug
limestone,28.746875,Aug
lipscomb,25.825874125874126,Aug
live oak,29.465100671140938,Aug
llano,27.92651515151515,Aug
loving,27.19770114942529,Aug
lubbock,25.48409090909091,Aug
lynn,25.603125,Aug
mcculloch,27.443636363636365,Aug
mclennan,29.066447368421052,Aug
mcmullen,29.583798882681563,Aug
madison,28.667567567567566,Aug
marion,27.795238095238094,Aug
martin,26.85681818181818,Aug
mason,27.200746268656715,Aug
matagorda,28.43660130718954,Aug
maverick,29.844444444444445,Aug
medina,28.59722222222222,Aug
menard,26.8552,Aug
midland,27.03609022556391,Aug
milam,28.940425531914894,Aug
mills,27.744660194174756,Aug
mitchell,27.39090909090909,Aug
montague,28.38905109489051,Aug
montgomery,28.318181818181817,Aug
moore,24.852307692307694,Aug
morris,27.876923076923077,Aug
motley,26.793197278911563,Aug
nacogdoches,27.672727272727272,Aug
navarro,28.80258064516129,Aug
newton,27.23089430894309,Aug
nolan,27.002857142857142,Aug
nueces,29.323809523809523,Aug
ochiltree,25.475524475524477,Aug
oldham,24.406493506493508,Aug
orange,27.625,Aug
palo pinto,28.47565789473684,Aug
panola,27.526190476190475,Aug
parker,28.488636363636363,Aug
parmer,23.653333333333332,Aug
pecos,26.671386430678467,Aug
polk,27.62292993630573,Aug
potter,24.974125874125875,Aug
presidio,24.915027829313544,Aug
rains,28.0,Aug
randall,24.427692307692308,Aug
reagan,26.710322580645162,Aug
real,26.596629213483148,Aug
red river,27.474683544303797,Aug
reeves,26.94105263157895,Aug
refugio,28.81089108910891,Aug
roberts,25.716153846153848,Aug
robertson,28.86218487394958,Aug
rockwall,28.395,Aug
runnels,27.671153846153846,Aug
rusk,27.672440944881888,Aug
sabine,27.135714285714286,Aug
san augustine,27.343373493975903,Aug
san jacinto,27.880434782608695,Aug
san patricio,29.18762886597938,Aug
san saba,27.627329192546583,Aug
schleicher,26.907777777777778,Aug
scurry,26.963333333333335,Aug
shackelford,27.96846153846154,Aug
shelby,27.293162393162394,Aug
sherman,24.7,Aug
smith,27.935036496350364,Aug
somervell,28.522222222222222,Aug
starr,29.991515151515152,Aug
stephens,28.231666666666666,Aug
sterling,26.89430894308943,Aug
stonewall,27.8725,Aug
sutton,26.942272727272726,Aug
swisher,24.376223776223778,Aug
tarrant,28.979545454545455,Aug
taylor,27.679259259259258,Aug
terrell,27.905722891566263,Aug
terry,25.200819672131146,Aug
throckmorton,28.245,Aug
titus,27.69655172413793,Aug
tom green,27.667272727272728,Aug
travis,28.772535211267606,Aug
trinity,27.92970297029703,Aug
tyler,27.33478260869565,Aug
upshur,27.787951807228914,Aug
upton,27.331284916201117,Aug
uvalde,28.35339366515837,Aug
val verde,28.688317757009347,Aug
van zandt,28.258677685950413,Aug
victoria,28.898290598290597,Aug
walker,28.4,Aug
waller,28.525352112676057,Aug
ward,27.723728813559323,Aug
washington,29.085882352941177,Aug
webb,30.267237687366165,Aug
wharton,28.374342105263157,Aug
wheeler,26.232167832167832,Aug
wichita,28.685714285714287,Aug
wilbarger,28.388235294117646,Aug
willacy,28.990909090909092,Aug
williamson,28.620625,Aug
wilson,29.04423076923077,Aug
winkler,27.200869565217392,Aug
wise,28.4140625,Aug
wood,27.808823529411764,Aug
yoakum,24.5675,Aug
young,28.486153846153847,Aug
zapata,30.351020408163265,Aug
zavala,29.45668449197861,Aug
anderson,25.072903225806453,Sep
andrews,22.91952380952381,Sep
angelina,24.84237288135593,Sep
aransas,26.906666666666666,Sep
archer,24.38111888111888,Sep
armstrong,20.98846153846154,Sep
atascosa,26.78426966292135,Sep
austin,25.764835164835166,Sep
bailey,20.228181818181817,Sep
bandera,24.670873786407768,Sep
bastrop,25.766101694915253,Sep
baylor,24.05757575757576,Sep
bee,26.926229508196723,Sep
bell,25.44451612903226,Sep
bexar,26.10939226519337,Sep
blanco,24.662857142857142,Sep
borden,23.00307692307692,Sep
bosque,24.8472602739726,Sep
bowie,23.766666666666666,Sep
brazoria,25.976410256410258,Sep
brazos,25.86375,Sep
brewster,23.318171160609612,Sep
briscoe,21.278321678321678,Sep
brooks,27.424,Sep
brown,24.21094890510949,Sep
burleson,25.989583333333332,Sep
burnet,24.724137931034484,Sep
caldwell,25.894805194805194,Sep
calhoun,26.75,Sep
callahan,23.865909090909092,Sep
cameron,27.42136752136752,Sep
camp,24.190625,Sep
carson,20.883916083916084,Sep
cass,24.06,Sep
castro,19.91860465116279,Sep
chambers,26.057894736842105,Sep
cherokee,24.87,Sep
childress,23.159,Sep
clay,24.244242424242422,Sep
cochran,20.350413223140496,Sep
coke,23.538888888888888,Sep
coleman,24.03352272727273,Sep
collin,24.421259842519685,Sep
collingsworth,22.545384615384616,Sep
colorado,25.78560606060606,Sep
comal,25.40125,Sep
comanche,24.1294964028777,Sep
concho,24.07659574468085,Sep
cooke,24.133333333333333,Sep
coryell,24.950967741935482,Sep
cottle,23.149253731343283,Sep
crane,24.32,Sep
crockett,23.94519230769231,Sep
crosby,22.085185185185185,Sep
culberson,21.808576642335765,Sep
dallam,19.414285714285715,Sep
dallas,25.138686131386862,Sep
dawson,22.518333333333334,Sep
deaf smith,19.841428571428573,Sep
delta,23.962790697674418,Sep
denton,24.548484848484847,Sep
de witt,26.39032258064516,Sep
dickens,22.6,Sep
dimmit,27.398235294117647,Sep
donley,21.689230769230768,Sep
duval,26.954185022026433,Sep
eastland,23.834965034965034,Sep
ector,23.330534351145037,Sep
edwards,24.21131386861314,Sep
ellis,25.15735294117647,Sep
el paso,23.0486301369863,Sep
erath,23.996,Sep
falls,25.638938053097345,Sep
fannin,23.68360655737705,Sep
fayette,25.795620437956206,Sep
fisher,23.65609756097561,Sep
floyd,21.18030303030303,Sep
foard,23.668141592920353,Sep
fort bend,25.8448,Sep
franklin,23.926315789473684,Sep
freestone,25.22,Sep
frio,26.810738255033556,Sep
gaines,22.26883116883117,Sep
galveston,26.167441860465118,Sep
garza,22.73709677419355,Sep
gillespie,23.927096774193547,Sep
glasscock,23.12520325203252,Sep
goliad,26.757391304347827,Sep
gonzales,26.150666666666666,Sep
gray,21.204195804195805,Sep
grayson,24.16830985915493,Sep
gregg,24.370454545454546,Sep
grimes,25.649074074074075,Sep
guadalupe,26.072115384615383,Sep
hale,20.926470588235293,Sep
hall,22.62116788321168,Sep
hamilton,24.343103448275862,Sep
hansford,20.923076923076923,Sep
hardeman,23.463265306122448,Sep
hardin,25.1728,Sep
harris,25.844578313253013,Sep
harrison,24.25639097744361,Sep
hartley,19.812380952380952,Sep
haskell,24.176153846153845,Sep
hays,25.334883720930232,Sep
hemphill,21.549230769230768,Sep
henderson,25.0,Sep
hidalgo,27.698598130841123,Sep
hill,25.24244604316547,Sep
hockley,21.00469798657718,Sep
hood,24.603703703703705,Sep
hopkins,23.966379310344827,Sep
houston,25.040555555555557,Sep
howard,23.412587412587413,Sep
hudspeth,21.550381679389314,Sep
hunt,24.099186991869917,Sep
hutchinson,21.30923076923077,Sep
irion,23.337908496732027,Sep
jack,24.262307692307694,Sep
jackson,26.417796610169493,Sep
jasper,24.75486111111111,Sep
jeff davis,20.58746081504702,Sep
jefferson,25.80294117647059,Sep
jim hogg,27.248101265822786,Sep
jim wells,27.25294117647059,Sep
johnson,24.967326732673268,Sep
jones,24.2251968503937,Sep
karnes,26.575,Sep
kaufman,24.924778761061948,Sep
kendall,24.545454545454547,Sep
kenedy,27.328021978021976,Sep
kent,23.155555555555555,Sep
kerr,23.764375,Sep
kimble,23.711794871794872,Sep
king,23.382575757575758,Sep
kinney,26.05925925925926,Sep
kleberg,27.383018867924527,Sep
knox,24.004411764705882,Sep
lamar,23.85514705882353,Sep
lamb,20.358,Sep
lampasas,24.50618556701031,Sep
la salle,27.245049504950494,Sep
lavaca,25.996478873239436,Sep
lee,25.73548387096774,Sep
leon,25.19271523178808,Sep
liberty,25.548235294117646,Sep
limestone,25.34921875,Sep
lipscomb,21.200699300699302,Sep
live oak,27.089261744966443,Sep
llano,24.793939393939393,Sep
loving,23.628735632183908,Sep
lubbock,21.679545454545455,Sep
lynn,21.8953125,Sep
mcculloch,24.08969696969697,Sep
mclennan,25.48092105263158,Sep
mcmullen,27.116201117318436,Sep
madison,25.525675675675675,Sep
marion,24.32857142857143,Sep
martin,23.231060606060606,Sep
mason,24.070149253731344,Sep
matagorda,26.332679738562092,Sep
maverick,27.144444444444446,Sep
medina,26.08111111111111,Sep
menard,23.5848,Sep
midland,23.461654135338346,Sep
milam,25.773758865248226,Sep
mills,24.366019417475727,Sep
mitchell,23.545454545454547,Sep
montague,24.2007299270073,Sep
montgomery,25.527272727272727,Sep
moore,20.46076923076923,Sep
morris,24.23846153846154,Sep
motley,22.47891156462585,Sep
nacogdoches,24.595104895104896,Sep
navarro,25.23032258064516,Sep
newton,24.629268292682926,Sep
nolan,23.192857142857143,Sep
nueces,27.325714285714284,Sep
ochiltree,21.055244755244754,Sep
oldham,20.264502164502165,Sep
orange,25.428846153846155,Sep
palo pinto,24.432894736842105,Sep
panola,24.25793650793651,Sep
parker,24.48181818181818,Sep
parmer,19.93777777777778,Sep
pecos,23.459587020648968,Sep
polk,24.831210191082803,Sep
potter,20.83146853146853,Sep
presidio,22.44935064935065,Sep
rains,24.268421052631577,Sep
randall,20.548461538461538,Sep
reagan,23.148387096774194,Sep
real,23.879775280898876,Sep
red river,23.70253164556962,Sep
reeves,23.587105263157895,Sep
refugio,26.863366336633664,Sep
roberts,21.383846153846154,Sep
robertson,25.612605042016806,Sep
rockwall,24.61,Sep
runnels,23.97948717948718,Sep
rusk,24.3755905511811,Sep
sabine,24.26547619047619,Sep
san augustine,24.40120481927711,Sep
san jacinto,25.094565217391306,Sep
san patricio,27.175257731958762,Sep
san saba,24.386335403726708,Sep
schleicher,23.530555555555555,Sep
scurry,23.081666666666667,Sep
shackelford,24.113076923076925,Sep
shelby,24.217094017094016,Sep
sherman,20.183916083916085,Sep
smith,24.48029197080292,Sep
somervell,24.711111111111112,Sep
starr,27.732727272727274,Sep
stephens,24.1825,Sep
sterling,23.16910569105691,Sep
stonewall,23.6325,Sep
sutton,23.81772727272727,Sep
swisher,20.488111888111888,Sep
tarrant,25.022727272727273,Sep
taylor,23.76888888888889,Sep
terrell,24.864156626506023,Sep
terry,21.60573770491803,Sep
throckmorton,24.094166666666666,Sep
titus,23.970689655172414,Sep
tom green,23.98590909090909,Sep
travis,25.727464788732394,Sep
trinity,24.99108910891089,Sep
tyler,24.731884057971016,Sep
upshur,24.20843373493976,Sep
upton,23.849162011173185,Sep
uvalde,25.833031674208144,Sep
val verde,25.830373831775702,Sep
van zandt,24.642148760330578,Sep
victoria,26.652991452991454,Sep
walker,25.423300970873786,Sep
waller,25.677464788732394,Sep
ward,24.114406779661017,Sep
washington,25.905882352941177,Sep
webb,27.646895074946467,Sep
wharton,26.042105263157893,Sep
wheeler,21.813986013986014,Sep
wichita,24.261224489795918,Sep
wilbarger,23.901470588235295,Sep
willacy,27.293506493506495,Sep
williamson,25.46375,Sep
wilson,26.415384615384614,Sep
winkler,23.581739130434784,Sep
wise,24.3453125,Sep
wood,24.140196078431373,Sep
yoakum,21.004166666666666,Sep
young,24.323846153846155,Sep
zapata,27.982993197278912,Sep
zavala,26.906951871657753,Sep
anderson,19.743225806451612,Oct
andrews,17.71238095238095,Oct
angelina,19.485593220338984,Oct
aransas,22.833333333333332,Oct
archer,18.55174825174825,Oct
armstrong,15.153846153846153,Oct
atascosa,21.98932584269663,Oct
austin,20.936263736263736,Oct
bailey,14.546363636363637,Oct
bandera,19.802912621359223,Oct
bastrop,20.765254237288136,Oct
baylor,18.147727272727273,Oct
bee,22.53688524590164,Oct
bell,20.115483870967743,Oct
bexar,21.194475138121547,Oct
blanco,19.548571428571428,Oct
borden,17.813846153846153,Oct
bosque,19.33150684931507,Oct
bowie,17.875757575757575,Oct
brazoria,21.485641025641026,Oct
brazos,20.71875,Oct
brewster,18.639624853458383,Oct
briscoe,15.532867132867134,Oct
brooks,23.2608,Oct
brown,18.85912408759124,Oct
burleson,20.8625,Oct
burnet,19.353103448275863,Oct
caldwell,20.88051948051948,Oct
calhoun,22.638,Oct
callahan,18.632575757575758,Oct
cameron,24.079487179487177,Oct
camp,18.359375,Oct
carson,15.093006993006993,Oct
cass,18.195,Oct
castro,14.207751937984495,Oct
chambers,21.360526315789475,Oct
cherokee,19.579333333333334,Oct
childress,17.323,Oct
clay,18.32181818181818,Oct
cochran,14.857851239669422,Oct
coke,18.236507936507937,Oct
coleman,18.819886363636364,Oct
collin,18.723622047244096,Oct
collingsworth,16.626923076923077,Oct
colorado,21.066666666666666,Oct
comal,20.4325,Oct
comanche,18.73453237410072,Oct
concho,18.904964539007093,Oct
cooke,18.332575757575757,Oct
coryell,19.590967741935483,Oct
cottle,17.340298507462688,Oct
crane,18.9456,Oct
crockett,18.625,Oct
crosby,16.655555555555555,Oct
culberson,16.918065693430655,Oct
dallam,13.464069264069265,Oct
dallas,19.457664233576644,Oct
dawson,17.154166666666665,Oct
deaf smith,14.141428571428571,Oct
delta,18.058139534883722,Oct
denton,18.73787878787879,Oct
de witt,21.866935483870968,Oct
dickens,17.05785714285714,Oct
dimmit,22.641176470588235,Oct
donley,15.810769230769232,Oct
duval,22.61453744493392,Oct
eastland,18.35944055944056,Oct
ector,18.058778625954197,Oct
edwards,19.273722627737225,Oct
ellis,19.58823529411765,Oct
el paso,17.422602739726027,Oct
erath,18.567333333333334,Oct
falls,20.306194690265485,Oct
fannin,17.891803278688524,Oct
fayette,21.03941605839416,Oct
fisher,18.244715447154473,Oct
floyd,15.695454545454545,Oct
foard,17.660176991150443,Oct
fort bend,21.2336,Oct
franklin,18.010526315789473,Oct
freestone,19.725,Oct
frio,22.059060402684565,Oct
gaines,16.913419913419915,Oct
galveston,21.65813953488372,Oct
garza,17.40806451612903,Oct
gillespie,18.98709677419355,Oct
glasscock,17.70569105691057,Oct
goliad,22.42695652173913,Oct
gonzales,21.358,Oct
gray,15.32097902097902,Oct
grayson,18.47394366197183,Oct
gregg,18.679545454545455,Oct
grimes,20.55462962962963,Oct
guadalupe,21.134615384615383,Oct
hale,15.416911764705882,Oct
hall,16.794160583941604,Oct
hamilton,19.048275862068966,Oct
hansford,14.672027972027973,Oct
hardeman,17.393877551020406,Oct
hardin,19.9584,Oct
harris,21.13855421686747,Oct
harrison,18.545864661654136,Oct
hartley,13.931904761904763,Oct
haskell,18.549230769230768,Oct
hays,20.26511627906977,Oct
hemphill,15.387692307692308,Oct
henderson,19.453623188405796,Oct
hidalgo,23.770093457943926,Oct
hill,19.633812949640287,Oct
hockley,15.4751677852349,Oct
hood,18.994444444444444,Oct
hopkins,18.07844827586207,Oct
houston,19.691666666666666,Oct
howard,18.034965034965033,Oct
hudspeth,16.324274809160304,Oct
hunt,18.21869918699187,Oct
hutchinson,15.313846153846153,Oct
irion,18.132679738562093,Oct
jack,18.543846153846154,Oct
jackson,22.027118644067798,Oct
jasper,19.466666666666665,Oct
jeff davis,16.19655172413793,Oct
jefferson,20.931617647058822,Oct
jim hogg,22.995569620253164,Oct
jim wells,23.0109243697479,Oct
johnson,19.402970297029704,Oct
jones,18.794488188976377,Oct
karnes,21.96826923076923,Oct
kaufman,19.14070796460177,Oct
kendall,19.642045454545453,Oct
kenedy,23.48846153846154,Oct
kent,17.605555555555554,Oct
kerr,18.755625,Oct
kimble,18.485641025641026,Oct
king,17.583333333333332,Oct
kinney,21.034920634920635,Oct
kleberg,23.411320754716982,Oct
knox,18.1875,Oct
lamar,17.96691176470588,Oct
lamb,14.751333333333333,Oct
lampasas,19.20824742268041,Oct
la salle,22.44950495049505,Oct
lavaca,21.385915492957746,Oct
lee,20.698924731182796,Oct
leon,19.79205298013245,Oct
liberty,20.480588235294118,Oct
limestone,19.853125,Oct
lipscomb,14.82027972027972,Oct
live oak,22.56510067114094,Oct
llano,19.506818181818183,Oct
loving,18.15632183908046,Oct
lubbock,16.161363636363635,Oct
lynn,16.55546875,Oct
mcculloch,18.816363636363636,Oct
mclennan,19.96578947368421,Oct
mcmullen,22.424022346368716,Oct
madison,20.264864864864865,Oct
marion,18.552380952380954,Oct
martin,17.875,Oct
mason,18.81044776119403,Oct
matagorda,22.03529411764706,Oct
maverick,22.252222222222223,Oct
medina,21.375,Oct
menard,18.419999999999998,Oct
midland,18.13233082706767,Oct
milam,20.58936170212766,Oct
mills,19.17378640776699,Oct
mitchell,18.185606060606062,Oct
montague,18.46934306569343,Oct
montgomery,20.50194805194805,Oct
moore,14.50153846153846,Oct
morris,18.41025641025641,Oct
motley,16.855102040816327,Oct
nacogdoches,19.16923076923077,Oct
navarro,19.578709677419354,Oct
newton,19.273170731707317,Oct
nolan,18.027857142857144,Oct
nueces,23.30095238095238,Oct
ochiltree,14.786013986013986,Oct
oldham,14.425974025974027,Oct
orange,20.376923076923077,Oct
palo pinto,18.714473684210528,Oct
panola,18.60238095238095,Oct
parker,18.761363636363637,Oct
parmer,14.237777777777778,Oct
pecos,18.28362831858407,Oct
polk,19.528025477707008,Oct
potter,14.941258741258741,Oct
presidio,17.99795918367347,Oct
rains,18.442105263157895,Oct
randall,14.833846153846155,Oct
reagan,17.772903225806452,Oct
real,18.769662921348313,Oct
red river,17.828481012658226,Oct
reeves,18.22026315789474,Oct
refugio,22.64851485148515,Oct
roberts,15.239230769230769,Oct
robertson,20.396638655462183,Oct
rockwall,18.805,Oct
runnels,18.76794871794872,Oct
rusk,18.858267716535433,Oct
sabine,18.659523809523808,Oct
san augustine,18.873493975903614,Oct
san jacinto,19.869565217391305,Oct
san patricio,23.004123711340206,Oct
san saba,19.091304347826085,Oct
schleicher,18.466666666666665,Oct
scurry,17.7125,Oct
shackelford,18.636153846153846,Oct
shelby,18.507692307692306,Oct
sherman,14.093706293706294,Oct
smith,18.936496350364962,Oct
somervell,19.151851851851852,Oct
starr,23.59030303030303,Oct
stephens,18.456666666666667,Oct
sterling,17.877235772357725,Oct
stonewall,17.975833333333334,Oct
sutton,18.761363636363637,Oct
swisher,14.87062937062937,Oct
tarrant,19.31590909090909,Oct
taylor,18.52148148148148,Oct
terrell,19.503614457831326,Oct
terry,16.12950819672131,Oct
throckmorton,18.378333333333334,Oct
titus,18.03103448275862,Oct
tom green,18.77,Oct
travis,20.533802816901407,Oct
trinity,19.72079207920792,Oct
tyler,19.402898550724636,Oct
upshur,18.49277108433735,Oct
upton,18.577653631284917,Oct
uvalde,20.87239819004525,Oct
val verde,20.66448598130841,Oct
van zandt,18.929752066115704,Oct
victoria,22.29059829059829,Oct
walker,20.271844660194176,Oct
waller,20.81830985915493,Oct
ward,18.48135593220339,Oct
washington,20.871764705882352,Oct
webb,23.142612419700214,Oct
wharton,21.473026315789475,Oct
wheeler,15.774825174825175,Oct
wichita,18.1734693877551,Oct
wilbarger,17.74044117647059,Oct
willacy,23.680519480519482,Oct
williamson,20.20875,Oct
wilson,21.573076923076922,Oct
winkler,18.13478260869565,Oct
wise,18.54921875,Oct
wood,18.38235294117647,Oct
yoakum,15.515833333333333,Oct
young,18.53,Oct
zapata,23.77891156462585,Oct
zavala,22.001069518716577,Oct
anderson,14.438709677419356,Nov
andrews,11.32095238095238,Nov
angelina,14.022881355932203,Nov
aransas,18.34,Nov
archer,12.042657342657343,Nov
armstrong,8.320769230769232,Nov
atascosa,16.828651685393258,Nov
austin,15.717582417582417,Nov
bailey,8.223636363636363,Nov
bandera,14.124271844660194,Nov
bastrop,15.275423728813559,Nov
baylor,11.458333333333334,Nov
bee,17.589344262295082,Nov
bell,14.209032258064516,Nov
bexar,15.449171270718232,Nov
blanco,13.825714285714286,Nov
borden,11.492307692307692,Nov
bosque,13.332191780821917,Nov
bowie,12.1,Nov
brazoria,17.006153846153847,Nov
brazos,15.1225,Nov
brewster,13.05240328253224,Nov
briscoe,8.834265734265735,Nov
brooks,18.6696,Nov
brown,12.670802919708029,Nov
burleson,15.083333333333334,Nov
burnet,13.405517241379311,Nov
caldwell,15.28961038961039,Nov
calhoun,18.03,Nov
callahan,12.296969696969697,Nov
cameron,19.75897435897436,Nov
camp,12.784375,Nov
carson,8.101398601398602,Nov
cass,12.633571428571429,Nov
castro,7.706976744186046,Nov
chambers,16.49473684210526,Nov
cherokee,14.18,Nov
childress,10.301,Nov
clay,11.725454545454545,Nov
cochran,8.693388429752066,Nov
coke,12.088888888888889,Nov
coleman,12.685227272727273,Nov
collin,12.48031496062992,Nov
collingsworth,9.698461538461538,Nov
colorado,15.937121212121212,Nov
comal,14.86,Nov
comanche,12.624460431654676,Nov
concho,12.84113475177305,Nov
cooke,11.901515151515152,Nov
coryell,13.63483870967742,Nov
cottle,10.525373134328358,Nov
crane,12.6152,Nov
crockett,12.688461538461539,Nov
crosby,10.045925925925927,Nov
culberson,11.025182481751825,Nov
dallam,6.357575757575757,Nov
dallas,13.112408759124088,Nov
dawson,10.800833333333333,Nov
deaf smith,7.548095238095238,Nov
delta,11.997674418604651,Nov
denton,12.44848484848485,Nov
de witt,16.940322580645162,Nov
dickens,10.525,Nov
dimmit,17.12470588235294,Nov
donley,8.99846153846154,Nov
duval,17.845374449339207,Nov
eastland,12.101398601398602,Nov
ector,11.70763358778626,Nov
edwards,13.655109489051094,Nov
ellis,13.5125,Nov
el paso,10.696575342465753,Nov
erath,12.306,Nov
falls,14.536283185840707,Nov
fannin,11.69672131147541,Nov
fayette,15.67956204379562,Nov
fisher,11.96829268292683,Nov
floyd,9.098484848484848,Nov
foard,10.775221238938054,Nov
fort bend,16.5224,Nov
franklin,12.186842105263157,Nov
freestone,14.245833333333334,Nov
frio,16.746979865771813,Nov
gaines,10.524242424242424,Nov
galveston,16.89767441860465,Nov
garza,10.90967741935484,Nov
gillespie,13.403870967741936,Nov
glasscock,11.472357723577236,Nov
goliad,17.696521739130436,Nov
gonzales,16.079333333333334,Nov
gray,8.355944055944056,Nov
grayson,11.982394366197184,Nov
gregg,13.24090909090909,Nov
grimes,15.360185185185186,Nov
guadalupe,15.657692307692308,Nov
hale,8.736764705882353,Nov
hall,9.96058394160584,Nov
hamilton,13.018103448275863,Nov
hansford,7.3188811188811185,Nov
hardeman,10.289795918367346,Nov
hardin,15.2432,Nov
harris,16.16425702811245,Nov
harrison,12.996992481203007,Nov
hartley,6.951428571428571,Nov
haskell,11.926923076923076,Nov
hays,14.646511627906976,Nov
hemphill,8.203846153846154,Nov
henderson,13.942753623188405,Nov
hidalgo,19.466822429906543,Nov
hill,13.575539568345324,Nov
hockley,9.03020134228188,Nov
hood,12.716666666666667,Nov
hopkins,12.162068965517241,Nov
houston,14.299444444444445,Nov
howard,11.723076923076922,Nov
hudspeth,10.162595419847328,Nov
hunt,12.069918699186992,Nov
hutchinson,8.065384615384616,Nov
irion,12.251633986928104,Nov
jack,12.222307692307693,Nov
jackson,17.152542372881356,Nov
jasper,14.690277777777778,Nov
jeff davis,10.663636363636364,Nov
jefferson,16.058823529411764,Nov
jim hogg,18.346835443037975,Nov
jim wells,18.225210084033613,Nov
johnson,13.292079207920793,Nov
jones,12.353543307086614,Nov
karnes,17.0125,Nov
kaufman,13.129203539823008,Nov
kendall,14.020454545454545,Nov
kenedy,19.11043956043956,Nov
kent,11.074603174603174,Nov
kerr,13.14,Nov
kimble,12.626666666666667,Nov
king,10.91969696969697,Nov
kinney,15.196296296296296,Nov
kleberg,18.72924528301887,Nov
knox,11.583088235294118,Nov
lamar,11.788970588235294,Nov
lamb,8.35,Nov
lampasas,13.176288659793814,Nov
la salle,17.195049504950497,Nov
lavaca,16.16267605633803,Nov
lee,15.229032258064516,Nov
leon,14.442384105960265,Nov
liberty,15.590588235294117,Nov
limestone,14.11640625,Nov
lipscomb,7.4594405594405595,Nov
live oak,17.596644295302013,Nov
llano,13.618939393939394,Nov
loving,11.716091954022989,Nov
lubbock,9.39469696969697,Nov
lynn,10.078125,Nov
mcculloch,12.928484848484848,Nov
mclennan,13.846710526315789,Nov
mcmullen,17.40055865921788,Nov
madison,15.044594594594594,Nov
marion,13.038095238095238,Nov
martin,11.468181818181819,Nov
mason,13.122388059701493,Nov
matagorda,17.377777777777776,Nov
maverick,16.470555555555556,Nov
medina,15.673333333333334,Nov
menard,12.5536,Nov
midland,11.726315789473684,Nov
milam,14.976595744680852,Nov
mills,13.260194174757281,Nov
mitchell,11.979545454545454,Nov
montague,12.048905109489052,Nov
montgomery,15.444155844155844,Nov
moore,7.335384615384616,Nov
morris,12.787179487179488,Nov
motley,10.287074829931973,Nov
nacogdoches,13.708391608391608,Nov
navarro,13.658709677419354,Nov
newton,14.515447154471545,Nov
nolan,11.941428571428572,Nov
nueces,18.611428571428572,Nov
ochiltree,7.486713286713287,Nov
oldham,7.585281385281386,Nov
orange,15.544230769230769,Nov
palo pinto,12.289473684210526,Nov
panola,13.137301587301588,Nov
parker,12.335606060606061,Nov
parmer,7.783703703703703,Nov
pecos,12.375368731563421,Nov
polk,14.461146496815287,Nov
potter,7.863636363636363,Nov
presidio,12.17569573283859,Nov
rains,12.560526315789474,Nov
randall,8.05076923076923,Nov
reagan,11.723225806451612,Nov
real,13.240449438202248,Nov
red river,11.75,Nov
reeves,11.882631578947368,Nov
refugio,18.123762376237625,Nov
roberts,8.016923076923076,Nov
robertson,14.881512605042017,Nov
rockwall,12.665,Nov
runnels,12.491025641025642,Nov
rusk,13.42755905511811,Nov
sabine,13.685714285714285,Nov
san augustine,13.69156626506024,Nov
san jacinto,14.794565217391305,Nov
san patricio,18.29484536082474,Nov
san saba,13.284472049689441,Nov
schleicher,12.60388888888889,Nov
scurry,11.2625,Nov
shackelford,12.081538461538461,Nov
shelby,13.23162393162393,Nov
sherman,6.779020979020979,Nov
smith,13.488321167883212,Nov
somervell,13.02962962962963,Nov
starr,18.958181818181817,Nov
stephens,12.058333333333334,Nov
sterling,11.86910569105691,Nov
stonewall,11.415833333333333,Nov
sutton,13.02590909090909,Nov
swisher,8.203496503496503,Nov
tarrant,12.940909090909091,Nov
taylor,12.187407407407408,Nov
terrell,13.561746987951807,Nov
terry,9.77295081967213,Nov
throckmorton,11.858333333333334,Nov
titus,12.277586206896551,Nov
tom green,12.486818181818181,Nov
travis,14.706338028169014,Nov
trinity,14.423762376237624,Nov
tyler,14.547826086956523,Nov
upshur,13.003614457831326,Nov
upton,12.345251396648045,Nov
uvalde,15.300904977375566,Nov
val verde,14.550233644859812,Nov
van zandt,13.198347107438016,Nov
victoria,17.46068376068376,Nov
walker,15.122330097087378,Nov
waller,15.738028169014084,Nov
ward,11.844067796610169,Nov
washington,15.421176470588236,Nov
webb,17.770235546038545,Nov
wharton,16.606578947368423,Nov
wheeler,8.744755244755245,Nov
wichita,11.30204081632653,Nov
wilbarger,10.866176470588236,Nov
willacy,19.461038961038962,Nov
williamson,14.361875,Nov
wilson,16.34423076923077,Nov
winkler,11.562608695652173,Nov
wise,12.31328125,Nov
wood,12.726470588235294,Nov
yoakum,9.235833333333334,Nov
young,12.17,Nov
zapata,18.61972789115646,Nov
zavala,16.545989304812835,Nov
anderson,9.595483870967742,Dec
andrews,7.045714285714285,Dec
angelina,9.71864406779661,Dec
aransas,14.1,Dec
archer,6.8545454545454545,Dec
armstrong,3.3353846153846156,Dec
atascosa,12.416853932584269,Dec
austin,11.37912087912088,Dec
bailey,3.7627272727272727,Dec
bandera,9.959223300970875,Dec
bastrop,10.907627118644069,Dec
baylor,6.1462121212121215,Dec
bee,13.484426229508196,Dec
bell,9.57741935483871,Dec
bexar,11.6353591160221,Dec
blanco,9.628571428571428,Dec
borden,6.930769230769231,Dec
bosque,8.393150684931507,Dec
bowie,7.260606060606061,Dec
brazoria,12.724102564102564,Dec
brazos,10.950000000000001,Dec
brewster,9.215943728018757,Dec
briscoe,3.7454545454545456,Dec
brooks,14.7584,Dec
brown,7.8,Dec
burleson,11.09375,Dec
burnet,9.173103448275862,Dec
caldwell,10.993506493506494,Dec
calhoun,13.802,Dec
callahan,7.597727272727273,Dec
cameron,16.21794871794872,Dec
camp,7.775,Dec
carson,3.209090909090909,Dec
cass,7.81,Dec
castro,3.011627906976744,Dec
chambers,12.39078947368421,Dec
cherokee,9.402,Dec
childress,5.3660000000000005,Dec
clay,6.568484848484848,Dec
cochran,4.073553719008264,Dec
coke,7.165079365079365,Dec
coleman,7.93125,Dec
collin,7.331496062992126,Dec
collingsworth,4.617692307692308,Dec
colorado,11.563636363636364,Dec
comal,10.64375,Dec
comanche,7.732374100719424,Dec
concho,8.435460992907801,Dec
cooke,6.921212121212121,Dec
coryell,9.089032258064517,Dec
cottle,5.361940298507463,Dec
crane,7.9879999999999995,Dec
crockett,8.079326923076923,Dec
crosby,5.327407407407407,Dec
culberson,6.950182481751825,Dec
dallam,1.9064935064935065,Dec
dallas,8.273722627737227,Dec
dawson,6.104166666666667,Dec
deaf smith,2.8014285714285716,Dec
delta,6.786046511627907,Dec
denton,7.358333333333333,Dec
de witt,12.606451612903227,Dec
dickens,5.452857142857143,Dec
dimmit,12.788235294117648,Dec
donley,3.9446153846153846,Dec
duval,13.552422907488987,Dec
eastland,7.0531468531468535,Dec
ector,7.157251908396947,Dec
edwards,9.24087591240876,Dec
ellis,8.583823529411765,Dec
el paso,6.61986301369863,Dec
erath,7.5,Dec
falls,9.914159292035398,Dec
fannin,6.573770491803279,Dec
fayette,11.343065693430656,Dec
fisher,7.186178861788618,Dec
floyd,4.138636363636364,Dec
foard,5.592920353982301,Dec
fort bend,12.0856,Dec
franklin,7.121052631578947,Dec
freestone,9.615833333333333,Dec
frio,12.283892617449665,Dec
gaines,6.212987012987013,Dec
galveston,12.862790697674418,Dec
garza,6.225806451612903,Dec
gillespie,9.16258064516129,Dec
glasscock,6.770731707317073,Dec
goliad,13.52086956521739,Dec
gonzales,11.686,Dec
gray,3.3713286713286714,Dec
grayson,7.006338028169014,Dec
gregg,8.447727272727272,Dec
grimes,10.810185185185185,Dec
guadalupe,11.424038461538462,Dec
hale,4.3088235294117645,Dec
hall,4.8992700729927,Dec
hamilton,8.308620689655173,Dec
hansford,2.2202797202797204,Dec
hardeman,5.345918367346939,Dec
hardin,11.108,Dec
harris,12.062650602409638,Dec
harrison,8.603007518796993,Dec
hartley,2.296666666666667,Dec
haskell,7.118461538461538,Dec
hays,10.348837209302326,Dec
hemphill,2.979230769230769,Dec
henderson,8.995652173913044,Dec
hidalgo,15.479906542056074,Dec
hill,8.68273381294964,Dec
hockley,4.698657718120805,Dec
hood,7.9185185185185185,Dec
hopkins,7.014655172413793,Dec
houston,9.579444444444444,Dec
howard,7.077622377622378,Dec
hudspeth,6.066870229007634,Dec
hunt,6.865040650406504,Dec
hutchinson,3.0530769230769232,Dec
irion,7.783006535947712,Dec
jack,7.222307692307692,Dec
jackson,13.003389830508475,Dec
jasper,10.235416666666667,Dec
jeff davis,7.0181818181818185,Dec
jefferson,12.069117647058823,Dec
jim hogg,14.134177215189874,Dec
jim wells,14.170588235294117,Dec
johnson,8.388118811881188,Dec
jones,7.650393700787402,Dec
karnes,12.665384615384616,Dec
kaufman,7.910619469026549,Dec
kendall,9.906818181818181,Dec
kenedy,15.185164835164835,Dec
kent,6.15,Dec
kerr,8.90875,Dec
kimble,8.332820512820513,Dec
king,5.659090909090909,Dec
kinney,10.78941798941799,Dec
kleberg,14.90188679245283,Dec
knox,6.398529411764706,Dec
lamar,6.660294117647059,Dec
lamb,3.814,Dec
lampasas,8.81340206185567,Dec
la salle,12.87079207920792,Dec
lavaca,11.946478873239437,Dec
lee,10.751612903225807,Dec
leon,9.799999999999999,Dec
liberty,11.507058823529412,Dec
limestone,9.58125,Dec
lipscomb,1.9916083916083915,Dec
live oak,13.271812080536913,Dec
llano,9.111363636363636,Dec
loving,7.580459770114943,Dec
lubbock,5.1462121212121215,Dec
lynn,5.55,Dec
mcculloch,8.203030303030303,Dec
mclennan,9.094078947368422,Dec
mcmullen,12.865921787709498,Dec
madison,10.524324324324324,Dec
marion,8.441269841269841,Dec
martin,6.991666666666666,Dec
mason,8.556716417910447,Dec
matagorda,13.177777777777777,Dec
maverick,12.056666666666667,Dec
medina,11.419444444444444,Dec
menard,8.2168,Dec
midland,7.352631578947369,Dec
milam,10.529787234042553,Dec
mills,8.607766990291262,Dec
mitchell,7.0204545454545455,Dec
montague,6.9481751824817515,Dec
montgomery,10.975974025974025,Dec
moore,2.48,Dec
morris,7.9282051282051285,Dec
motley,5.179591836734694,Dec
nacogdoches,9.158041958041958,Dec
navarro,8.884516129032258,Dec
newton,10.06910569105691,Dec
nolan,7.101428571428571,Dec
nueces,14.555238095238096,Dec
ochiltree,2.144755244755245,Dec
oldham,2.8844155844155845,Dec
orange,11.40576923076923,Dec
palo pinto,7.435526315789474,Dec
panola,8.703968253968254,Dec
parker,7.678030303030303,Dec
parmer,3.156296296296296,Dec
pecos,8.299557522123894,Dec
polk,10.092993630573249,Dec
potter,3.2594405594405593,Dec
presidio,8.394990723562152,Dec
rains,7.336842105263158,Dec
randall,3.363076923076923,Dec
reagan,7.007096774193548,Dec
real,8.862921348314607,Dec
red river,6.896835443037975,Dec
reeves,7.958157894736842,Dec
refugio,13.971287128712872,Dec
roberts,2.9492307692307693,Dec
robertson,10.563025210084033,Dec
rockwall,7.41,Dec
runnels,7.771794871794872,Dec
rusk,8.691338582677165,Dec
sabine,9.113095238095237,Dec
san augustine,9.104819277108433,Dec
san jacinto,10.267391304347825,Dec
san patricio,14.165979381443298,Dec
san saba,8.541614906832299,Dec
schleicher,8.390555555555556,Dec
scurry,6.605,Dec
shackelford,7.317692307692307,Dec
shelby,8.694871794871794,Dec
sherman,2.067832167832168,Dec
smith,8.5,Dec
somervell,8.14074074074074,Dec
starr,14.725454545454545,Dec
stephens,6.979166666666667,Dec
sterling,7.130894308943089,Dec
stonewall,6.458333333333333,Dec
sutton,8.56409090909091,Dec
swisher,3.4685314685314683,Dec
tarrant,8.159848484848485,Dec
taylor,7.611851851851852,Dec
terrell,9.120481927710843,Dec
terry,5.223770491803279,Dec
throckmorton,6.714166666666666,Dec
titus,7.2844827586206895,Dec
tom green,8.299545454545454,Dec
travis,10.559859154929578,Dec
trinity,9.87920792079208,Dec
tyler,10.278260869565218,Dec
upshur,8.051807228915663,Dec
upton,7.867039106145252,Dec
uvalde,10.916289592760181,Dec
val verde,10.067757009345794,Dec
van zandt,8.050413223140495,Dec
victoria,13.338461538461539,Dec
walker,10.458252427184465,Dec
waller,11.285915492957747,Dec
ward,7.418644067796611,Dec
washington,11.137647058823529,Dec
webb,13.532334047109208,Dec
wharton,12.259210526315789,Dec
wheeler,3.56013986013986,Dec
wichita,6.057142857142857,Dec
wilbarger,5.451470588235294,Dec
willacy,15.584415584415584,Dec
williamson,9.986875,Dec
wilson,12.102884615384616,Dec
winkler,7.189565217391304,Dec
wise,7.22109375,Dec
wood,7.599019607843137,Dec
yoakum,4.7,Dec
young,6.976153846153847,Dec
zapata,14.389795918367348,Dec
zavala,12.06898395721925,Dec
